-- phpMyAdmin SQL Dump
-- version 5.2.1
-- https://www.phpmyadmin.net/
--
-- Máy chủ: 127.0.0.1
-- Thời gian đã tạo: Th1 22, 2024 lúc 08:54 AM
-- Phiên bản máy phục vụ: 10.4.28-MariaDB
-- Phiên bản PHP: 8.1.17

SET SQL_MODE = "NO_AUTO_VALUE_ON_ZERO";
START TRANSACTION;
SET time_zone = "+00:00";


/*!40101 SET @OLD_CHARACTER_SET_CLIENT=@@CHARACTER_SET_CLIENT */;
/*!40101 SET @OLD_CHARACTER_SET_RESULTS=@@CHARACTER_SET_RESULTS */;
/*!40101 SET @OLD_COLLATION_CONNECTION=@@COLLATION_CONNECTION */;
/*!40101 SET NAMES utf8mb4 */;

--
-- Cơ sở dữ liệu: `apextech_db`
--

-- --------------------------------------------------------

--
-- Cấu trúc bảng cho bảng `benefits`
--

CREATE TABLE `benefits` (
  `id` bigint(20) UNSIGNED NOT NULL,
  `name` varchar(255) NOT NULL,
  `description` varchar(255) DEFAULT NULL,
  `policy` longtext NOT NULL,
  `price` bigint(10) DEFAULT NULL,
  `file_path` varchar(255) DEFAULT NULL,
  `created_at` timestamp NULL DEFAULT NULL,
  `updated_at` timestamp NULL DEFAULT NULL
) ENGINE=InnoDB DEFAULT CHARSET=utf8mb4 COLLATE=utf8mb4_unicode_ci;

--
-- Đang đổ dữ liệu cho bảng `benefits`
--

INSERT INTO `benefits` (`id`, `name`, `description`, `policy`, `price`, `file_path`, `created_at`, `updated_at`) VALUES
(4, 'Bảo hiểm Nhân thọ', 'Bảo hiểm Nhân thọ', '<p>- <span style=\"text-align: justify; background-color: #ffffff; font-family: \'Open Sans\', Arial, sans-serif; font-size: 14px;\">Lorem ipsum dolor sit amet, consectetur adipiscing elit. Vivamus varius, nunc id aliquet mollis, lorem magna egestas nisi, vitae tempus felis neque tincidunt dui. In imperdiet ex diam, in viverra nulla suscipit elementum. Maecenas nec pellentesque neque</span></p>\n<p><span style=\"text-align: justify; background-color: #ffffff; font-family: \'Open Sans\', Arial, sans-serif; font-size: 14px;\">- </span><span style=\"background-color: #ffffff; font-family: \'Open Sans\', Arial, sans-serif; font-size: 14px; text-align: justify;\">Fusce vestibulum pretium dapibus. Phasellus tempor, nisi ut pretium vestibulum, lorem quam dapibus sem, at hendrerit ante neque nec leo.&nbsp;</span></p>\n<p><span style=\"background-color: #ffffff; font-family: \'Open Sans\', Arial, sans-serif; font-size: 14px; text-align: justify;\">-&nbsp;</span><span style=\"background-color: #ffffff; font-family: \'Open Sans\', Arial, sans-serif; font-size: 14px; text-align: justify;\">Praesent semper placerat dignissim. Sed tortor nulla, consectetur in tincidunt ac, volutpat imperdiet odio. Suspendisse odio enim, fermentum et magna quis, faucibus semper quam. Integer ultrices viverra risus, et sagittis felis sollicitudin ut.&nbsp;</span></p>', NULL, 'benefit_files/Quy_che_phuc_loi.docx', '2023-12-05 06:46:55', '2023-12-05 20:01:26');

-- --------------------------------------------------------

--
-- Cấu trúc bảng cho bảng `departments`
--

CREATE TABLE `departments` (
  `id` bigint(20) UNSIGNED NOT NULL,
  `name` varchar(255) NOT NULL,
  `leader_id` varchar(255) DEFAULT NULL,
  `description` varchar(255) DEFAULT NULL,
  `role` int(11) DEFAULT NULL,
  `created_at` timestamp NULL DEFAULT NULL,
  `updated_at` timestamp NULL DEFAULT NULL
) ENGINE=InnoDB DEFAULT CHARSET=utf8mb4 COLLATE=utf8mb4_unicode_ci;

--
-- Đang đổ dữ liệu cho bảng `departments`
--

INSERT INTO `departments` (`id`, `name`, `leader_id`, `description`, `role`, `created_at`, `updated_at`) VALUES
(3, 'Phòng kỹ thuật', '16', 'khong dzai', 2, '2023-10-29 05:54:26', '2023-12-24 00:06:10'),
(17, 'Phòng tài chính', '20', 'Phòng hành chính', 3, '2023-12-06 07:44:30', '2024-01-04 08:46:30'),
(18, 'Phòng nhân sự', '21', 'Phòng nhân sự', NULL, '2023-12-06 07:55:14', '2024-01-21 02:57:43');

-- --------------------------------------------------------

--
-- Cấu trúc bảng cho bảng `failed_jobs`
--

CREATE TABLE `failed_jobs` (
  `id` bigint(20) UNSIGNED NOT NULL,
  `uuid` varchar(255) NOT NULL,
  `connection` text NOT NULL,
  `queue` text NOT NULL,
  `payload` longtext NOT NULL,
  `exception` longtext NOT NULL,
  `failed_at` timestamp NOT NULL DEFAULT current_timestamp()
) ENGINE=InnoDB DEFAULT CHARSET=utf8mb4 COLLATE=utf8mb4_unicode_ci;

-- --------------------------------------------------------

--
-- Cấu trúc bảng cho bảng `migrations`
--

CREATE TABLE `migrations` (
  `id` int(10) UNSIGNED NOT NULL,
  `migration` varchar(255) NOT NULL,
  `batch` int(11) NOT NULL
) ENGINE=InnoDB DEFAULT CHARSET=utf8mb4 COLLATE=utf8mb4_unicode_ci;

--
-- Đang đổ dữ liệu cho bảng `migrations`
--

INSERT INTO `migrations` (`id`, `migration`, `batch`) VALUES
(1, '2014_10_12_000000_create_users_table', 1),
(2, '2014_10_12_100000_create_password_reset_tokens_table', 1),
(3, '2014_10_12_100000_create_password_resets_table', 1),
(4, '2019_08_19_000000_create_failed_jobs_table', 1),
(5, '2019_12_14_000001_create_personal_access_tokens_table', 1),
(7, '2023_10_09_153700_add_position_id_to_users_table', 2),
(8, '2023_10_09_154146_remove_position_id_from_users_table', 3),
(9, '2023_10_09_154309_add_position_id_to_users_table', 4),
(10, '2023_10_09_154335_remove_position_id_from_users_table', 5),
(11, '2023_10_12_125002_create_positions', 6),
(12, '2023_10_12_130715_add_position_id_to_users', 6),
(13, '2023_10_27_160628_create_departments_table', 7),
(14, '2023_11_07_133240_create_tasks_table', 8),
(15, '2023_11_07_141822_create_task_processes_table', 8),
(16, '2023_11_07_142725_create_task_process_assignees_table', 9),
(17, '2023_11_19_080015_create_report_notifications_table', 10),
(18, '2023_11_19_102818_create_receiver_notifications_table', 11),
(19, '2023_11_19_131741_create_receiver_notifications_table', 12),
(20, '2023_12_04_011225_create_benefits_table', 13),
(21, '2023_12_07_153140_create_time_logs_table', 14),
(22, '2023_12_17_074919_create_slarays_table', 15),
(23, '2023_12_17_075416_create_salaries_table', 16),
(24, '2023_12_21_104619_create_roles_table', 17),
(25, '2023_12_29_095406_create_task_comments_table', 18);

-- --------------------------------------------------------

--
-- Cấu trúc bảng cho bảng `password_resets`
--

CREATE TABLE `password_resets` (
  `email` varchar(255) NOT NULL,
  `token` varchar(255) NOT NULL,
  `created_at` timestamp NULL DEFAULT NULL
) ENGINE=InnoDB DEFAULT CHARSET=utf8mb4 COLLATE=utf8mb4_unicode_ci;

-- --------------------------------------------------------

--
-- Cấu trúc bảng cho bảng `password_reset_tokens`
--

CREATE TABLE `password_reset_tokens` (
  `email` varchar(255) NOT NULL,
  `token` varchar(255) NOT NULL,
  `created_at` timestamp NULL DEFAULT NULL
) ENGINE=InnoDB DEFAULT CHARSET=utf8mb4 COLLATE=utf8mb4_unicode_ci;

--
-- Đang đổ dữ liệu cho bảng `password_reset_tokens`
--

INSERT INTO `password_reset_tokens` (`email`, `token`, `created_at`) VALUES
('nhanvien@gmail.com', '$2y$10$/sfKV0vanCd56XVVKnGXzuDgwJGyau0Sw036Lrz9q2DUkrHgxik5i', '2023-12-25 08:38:51'),
('phamtuanduc10102k1@gmail.com', '$2y$10$KkrSDBzR8nOgrwzeeFqfJex3dR..voaSWABjD/KvghG5Ivyg8B0qq', '2024-01-04 07:47:26'),
('tuanduc10102001@gmail.com', '$2y$10$mKQ85JS4Hhk0gsocUj5nBuRcAykWjjwMvQVY7esblKqg.dsUfRFWW', '2023-12-25 08:40:57');

-- --------------------------------------------------------

--
-- Cấu trúc bảng cho bảng `personal_access_tokens`
--

CREATE TABLE `personal_access_tokens` (
  `id` bigint(20) UNSIGNED NOT NULL,
  `tokenable_type` varchar(255) NOT NULL,
  `tokenable_id` bigint(20) UNSIGNED NOT NULL,
  `name` varchar(255) NOT NULL,
  `token` varchar(64) NOT NULL,
  `abilities` text DEFAULT NULL,
  `last_used_at` timestamp NULL DEFAULT NULL,
  `expires_at` timestamp NULL DEFAULT NULL,
  `created_at` timestamp NULL DEFAULT NULL,
  `updated_at` timestamp NULL DEFAULT NULL
) ENGINE=InnoDB DEFAULT CHARSET=utf8mb4 COLLATE=utf8mb4_unicode_ci;

-- --------------------------------------------------------

--
-- Cấu trúc bảng cho bảng `positions`
--

CREATE TABLE `positions` (
  `id` bigint(20) UNSIGNED NOT NULL,
  `position_name` varchar(255) NOT NULL,
  `position_code` varchar(255) NOT NULL,
  `description` varchar(255) DEFAULT NULL,
  `created_at` timestamp NULL DEFAULT NULL,
  `updated_at` timestamp NULL DEFAULT NULL
) ENGINE=InnoDB DEFAULT CHARSET=utf8mb4 COLLATE=utf8mb4_unicode_ci;

--
-- Đang đổ dữ liệu cho bảng `positions`
--

INSERT INTO `positions` (`id`, `position_name`, `position_code`, `description`, `created_at`, `updated_at`) VALUES
(1, 'Admin', 'admin', 'Tài khoản quản trị viên', '2023-10-12 13:14:14', '2023-10-12 13:14:14'),
(2, 'Nhân viên', 'employee', 'Tài khoản nhân viên', '2023-10-12 13:16:58', '2023-10-12 13:16:58'),
(3, 'Quản lý', 'leader', 'Tài khoản quản lý', '2023-10-26 16:02:38', '2023-10-26 16:02:38'),
(4, 'Giám đốc', 'ceo', 'Tài khoản giám đốc', '2023-10-26 16:04:23', '2023-10-26 16:04:23');

-- --------------------------------------------------------

--
-- Cấu trúc bảng cho bảng `receiver_notifications`
--

CREATE TABLE `receiver_notifications` (
  `id` bigint(20) UNSIGNED NOT NULL,
  `report_notification_id` bigint(20) UNSIGNED NOT NULL,
  `receiver_ids` bigint(20) UNSIGNED NOT NULL,
  `is_readed` int(10) NOT NULL DEFAULT 0,
  `created_at` timestamp NULL DEFAULT NULL,
  `updated_at` timestamp NULL DEFAULT NULL
) ENGINE=InnoDB DEFAULT CHARSET=utf8mb4 COLLATE=utf8mb4_unicode_ci;

--
-- Đang đổ dữ liệu cho bảng `receiver_notifications`
--

INSERT INTO `receiver_notifications` (`id`, `report_notification_id`, `receiver_ids`, `is_readed`, `created_at`, `updated_at`) VALUES
(43, 27, 17, 1, '2023-11-19 08:16:22', '2023-11-27 07:21:10'),
(44, 27, 18, 0, '2023-11-19 08:16:22', '2023-11-19 08:16:22'),
(45, 27, 16, 1, '2023-11-19 08:16:22', '2023-11-26 01:51:33'),
(46, 28, 17, 1, '2023-11-19 08:16:28', '2023-11-27 07:21:21'),
(47, 28, 18, 0, '2023-11-19 08:16:28', '2023-11-19 08:16:28'),
(48, 28, 16, 1, '2023-11-19 08:16:28', '2023-11-26 17:43:08'),
(49, 29, 17, 1, '2023-11-25 01:45:25', '2023-11-27 07:21:29'),
(50, 29, 18, 0, '2023-11-25 01:45:25', '2023-11-25 01:45:25'),
(51, 29, 16, 1, '2023-11-25 01:45:25', '2023-11-27 09:24:58'),
(52, 30, 17, 1, '2023-11-26 02:02:34', '2023-11-27 07:21:34'),
(53, 30, 18, 0, '2023-11-26 02:02:34', '2023-11-26 02:02:34'),
(54, 30, 16, 1, '2023-11-26 02:02:34', '2023-11-27 09:25:01'),
(55, 33, 17, 1, '2023-11-27 03:30:01', '2023-11-27 07:22:32'),
(56, 34, 18, 0, '2023-11-27 09:19:52', '2023-11-27 09:19:52'),
(57, 34, 16, 1, '2023-11-27 09:19:52', '2023-11-27 09:20:29'),
(58, 34, 12, 1, '2023-11-27 09:19:52', '2023-11-29 04:17:46'),
(59, 35, 18, 0, '2023-11-27 09:20:34', '2023-11-27 09:20:34'),
(60, 35, 16, 1, '2023-11-27 09:20:34', '2023-11-27 09:20:40'),
(61, 35, 12, 1, '2023-11-27 09:20:34', '2023-11-29 04:17:52'),
(62, 36, 17, 1, '2023-11-27 09:25:02', '2023-11-27 09:25:11'),
(63, 37, 17, 1, '2023-11-27 09:25:22', '2023-11-27 09:40:52'),
(64, 38, 17, 1, '2023-11-27 09:25:23', '2023-11-27 09:45:27'),
(65, 39, 18, 0, '2023-11-27 09:40:54', '2023-11-27 09:40:54'),
(66, 39, 16, 1, '2023-11-27 09:40:54', '2023-11-27 09:41:01'),
(67, 39, 12, 1, '2023-11-27 09:40:54', '2023-11-29 04:10:57'),
(68, 40, 18, 0, '2023-11-27 09:45:29', '2023-11-27 09:45:29'),
(69, 40, 16, 1, '2023-11-27 09:45:29', '2023-11-27 09:45:35'),
(70, 40, 12, 1, '2023-11-27 09:45:29', '2023-11-29 03:51:12'),
(71, 41, 17, 1, '2023-11-27 09:59:28', '2023-11-27 09:59:40'),
(72, 42, 18, 0, '2023-11-27 09:59:42', '2023-11-27 09:59:42'),
(73, 42, 16, 1, '2023-11-27 09:59:42', '2023-11-27 09:59:48'),
(74, 42, 12, 1, '2023-11-27 09:59:42', '2023-11-29 03:51:04'),
(75, 43, 17, 1, '2023-11-27 09:59:50', '2023-11-27 09:59:55'),
(76, 44, 18, 0, '2023-11-27 09:59:58', '2023-11-27 09:59:58'),
(77, 44, 16, 1, '2023-11-27 09:59:58', '2023-11-27 10:00:06'),
(78, 44, 12, 1, '2023-11-27 09:59:58', '2023-11-29 03:50:56'),
(79, 45, 17, 1, '2023-11-27 10:00:07', '2023-11-27 10:04:58'),
(80, 46, 17, 1, '2023-11-27 10:06:11', '2023-11-27 10:06:23'),
(81, 47, 18, 0, '2023-11-27 10:08:46', '2023-11-27 10:08:46'),
(82, 47, 16, 1, '2023-11-27 10:08:46', '2023-11-27 10:08:56'),
(83, 47, 12, 1, '2023-11-27 10:08:46', '2023-11-28 00:25:34'),
(84, 48, 18, 0, '2023-11-27 10:09:05', '2023-11-27 10:09:05'),
(85, 48, 16, 1, '2023-11-27 10:09:05', '2023-11-27 10:09:09'),
(86, 48, 12, 1, '2023-11-27 10:09:05', '2023-11-28 00:25:31'),
(87, 49, 17, 1, '2023-11-27 23:55:24', '2023-11-27 23:55:38'),
(88, 50, 18, 0, '2023-11-27 23:55:42', '2023-11-27 23:55:42'),
(89, 50, 16, 1, '2023-11-27 23:55:42', '2023-11-27 23:55:51'),
(90, 50, 12, 1, '2023-11-27 23:55:42', '2023-11-28 00:25:20'),
(91, 51, 17, 1, '2023-11-28 03:54:56', '2023-11-28 03:55:15'),
(92, 51, 18, 0, '2023-11-28 03:54:56', '2023-11-28 03:54:56'),
(93, 51, 15, 1, '2023-11-28 03:54:56', '2024-01-13 00:47:46'),
(94, 51, 19, 0, '2023-11-28 03:54:56', '2023-11-28 03:54:56'),
(95, 51, 14, 0, '2023-11-28 03:54:56', '2023-11-28 03:54:56'),
(96, 52, 17, 1, '2023-11-28 03:54:58', '2023-11-28 03:55:08'),
(97, 52, 18, 0, '2023-11-28 03:54:58', '2023-11-28 03:54:58'),
(98, 52, 15, 1, '2023-11-28 03:54:58', '2024-01-13 00:47:50'),
(99, 52, 19, 0, '2023-11-28 03:54:58', '2023-11-28 03:54:58'),
(100, 52, 14, 0, '2023-11-28 03:54:58', '2023-11-28 03:54:58'),
(101, 53, 12, 1, '2023-11-28 03:56:14', '2023-11-29 03:50:47'),
(102, 53, 11, 0, '2023-11-28 03:56:14', '2023-11-28 03:56:14'),
(103, 53, 13, 0, '2023-11-28 03:56:14', '2023-11-28 03:56:14'),
(104, 54, 17, 1, '2023-12-01 10:41:33', '2023-12-01 10:41:53'),
(105, 55, 16, 1, '2023-12-01 10:42:02', '2023-12-01 10:42:13'),
(106, 55, 18, 0, '2023-12-01 10:42:02', '2023-12-01 10:42:02'),
(107, 55, 20, 0, '2023-12-01 10:42:02', '2023-12-01 10:42:02'),
(108, 55, 11, 0, '2023-12-01 10:42:02', '2023-12-01 10:42:02'),
(109, 55, 14, 0, '2023-12-01 10:42:02', '2023-12-01 10:42:02'),
(110, 55, 15, 1, '2023-12-01 10:42:02', '2024-01-13 00:47:40'),
(111, 56, 16, 1, '2023-12-01 10:49:45', '2023-12-01 10:54:48'),
(112, 56, 18, 0, '2023-12-01 10:49:45', '2023-12-01 10:49:45'),
(113, 56, 20, 0, '2023-12-01 10:49:45', '2023-12-01 10:49:45'),
(114, 56, 11, 0, '2023-12-01 10:49:45', '2023-12-01 10:49:45'),
(115, 56, 14, 0, '2023-12-01 10:49:45', '2023-12-01 10:49:45'),
(116, 56, 15, 1, '2023-12-01 10:49:45', '2024-01-13 00:47:33'),
(117, 57, 16, 1, '2023-12-01 10:49:48', '2023-12-01 10:54:40'),
(118, 57, 18, 0, '2023-12-01 10:49:48', '2023-12-01 10:49:48'),
(119, 57, 20, 0, '2023-12-01 10:49:48', '2023-12-01 10:49:48'),
(120, 57, 11, 0, '2023-12-01 10:49:48', '2023-12-01 10:49:48'),
(121, 57, 14, 0, '2023-12-01 10:49:48', '2023-12-01 10:49:48'),
(122, 57, 15, 1, '2023-12-01 10:49:48', '2024-01-13 00:42:31'),
(123, 58, 16, 1, '2023-12-01 10:49:54', '2023-12-01 10:54:35'),
(124, 58, 18, 0, '2023-12-01 10:49:54', '2023-12-01 10:49:54'),
(125, 58, 20, 0, '2023-12-01 10:49:54', '2023-12-01 10:49:54'),
(126, 58, 11, 0, '2023-12-01 10:49:54', '2023-12-01 10:49:54'),
(127, 58, 14, 0, '2023-12-01 10:49:54', '2023-12-01 10:49:54'),
(128, 58, 15, 1, '2023-12-01 10:49:54', '2024-01-13 00:34:06'),
(129, 59, 16, 1, '2023-12-01 10:49:55', '2023-12-01 10:54:30'),
(130, 59, 18, 0, '2023-12-01 10:49:55', '2023-12-01 10:49:55'),
(131, 59, 20, 0, '2023-12-01 10:49:55', '2023-12-01 10:49:55'),
(132, 59, 11, 0, '2023-12-01 10:49:55', '2023-12-01 10:49:55'),
(133, 59, 14, 0, '2023-12-01 10:49:55', '2023-12-01 10:49:55'),
(134, 59, 15, 1, '2023-12-01 10:49:55', '2024-01-13 00:34:01'),
(135, 60, 16, 1, '2023-12-01 10:50:10', '2023-12-01 10:54:24'),
(136, 60, 18, 0, '2023-12-01 10:50:10', '2023-12-01 10:50:10'),
(137, 60, 20, 0, '2023-12-01 10:50:10', '2023-12-01 10:50:10'),
(138, 60, 11, 0, '2023-12-01 10:50:10', '2023-12-01 10:50:10'),
(139, 60, 14, 0, '2023-12-01 10:50:10', '2023-12-01 10:50:10'),
(140, 60, 15, 1, '2023-12-01 10:50:10', '2024-01-13 00:33:57'),
(141, 61, 16, 1, '2023-12-01 10:50:11', '2023-12-01 10:54:20'),
(142, 61, 18, 0, '2023-12-01 10:50:11', '2023-12-01 10:50:11'),
(143, 61, 20, 0, '2023-12-01 10:50:11', '2023-12-01 10:50:11'),
(144, 61, 11, 0, '2023-12-01 10:50:11', '2023-12-01 10:50:11'),
(145, 61, 14, 0, '2023-12-01 10:50:11', '2023-12-01 10:50:11'),
(146, 61, 15, 1, '2023-12-01 10:50:11', '2024-01-13 00:20:51'),
(147, 62, 16, 1, '2023-12-01 10:50:22', '2023-12-01 10:54:15'),
(148, 62, 18, 0, '2023-12-01 10:50:22', '2023-12-01 10:50:22'),
(149, 62, 20, 0, '2023-12-01 10:50:22', '2023-12-01 10:50:22'),
(150, 62, 11, 0, '2023-12-01 10:50:22', '2023-12-01 10:50:22'),
(151, 62, 14, 0, '2023-12-01 10:50:22', '2023-12-01 10:50:22'),
(152, 62, 15, 1, '2023-12-01 10:50:22', '2024-01-13 00:21:00'),
(153, 63, 16, 1, '2023-12-01 10:50:57', '2023-12-01 10:54:11'),
(154, 63, 18, 0, '2023-12-01 10:50:57', '2023-12-01 10:50:57'),
(155, 63, 20, 0, '2023-12-01 10:50:57', '2023-12-01 10:50:57'),
(156, 63, 11, 0, '2023-12-01 10:50:57', '2023-12-01 10:50:57'),
(157, 63, 14, 0, '2023-12-01 10:50:57', '2023-12-01 10:50:57'),
(158, 63, 15, 1, '2023-12-01 10:50:57', '2024-01-12 23:54:21'),
(159, 64, 16, 1, '2023-12-01 10:51:06', '2023-12-01 10:54:07'),
(160, 64, 18, 0, '2023-12-01 10:51:06', '2023-12-01 10:51:06'),
(161, 64, 20, 0, '2023-12-01 10:51:06', '2023-12-01 10:51:06'),
(162, 64, 11, 0, '2023-12-01 10:51:06', '2023-12-01 10:51:06'),
(163, 64, 14, 0, '2023-12-01 10:51:06', '2023-12-01 10:51:06'),
(164, 64, 15, 1, '2023-12-01 10:51:06', '2024-01-12 23:54:15'),
(165, 65, 16, 1, '2023-12-01 10:51:35', '2023-12-01 10:54:04'),
(166, 65, 18, 0, '2023-12-01 10:51:35', '2023-12-01 10:51:35'),
(167, 65, 20, 0, '2023-12-01 10:51:35', '2023-12-01 10:51:35'),
(168, 65, 11, 0, '2023-12-01 10:51:35', '2023-12-01 10:51:35'),
(169, 65, 14, 0, '2023-12-01 10:51:35', '2023-12-01 10:51:35'),
(170, 65, 15, 1, '2023-12-01 10:51:35', '2024-01-12 23:54:08'),
(171, 66, 16, 1, '2023-12-01 10:51:36', '2023-12-01 10:54:00'),
(172, 66, 18, 0, '2023-12-01 10:51:36', '2023-12-01 10:51:36'),
(173, 66, 20, 0, '2023-12-01 10:51:36', '2023-12-01 10:51:36'),
(174, 66, 11, 0, '2023-12-01 10:51:36', '2023-12-01 10:51:36'),
(175, 66, 14, 0, '2023-12-01 10:51:36', '2023-12-01 10:51:36'),
(176, 66, 15, 1, '2023-12-01 10:51:36', '2024-01-12 23:54:03'),
(177, 67, 16, 1, '2023-12-01 10:51:38', '2023-12-01 10:53:56'),
(178, 67, 18, 0, '2023-12-01 10:51:38', '2023-12-01 10:51:38'),
(179, 67, 20, 0, '2023-12-01 10:51:38', '2023-12-01 10:51:38'),
(180, 67, 11, 0, '2023-12-01 10:51:38', '2023-12-01 10:51:38'),
(181, 67, 14, 0, '2023-12-01 10:51:38', '2023-12-01 10:51:38'),
(182, 67, 15, 1, '2023-12-01 10:51:38', '2024-01-12 23:53:56'),
(183, 68, 16, 1, '2023-12-01 10:51:50', '2023-12-01 10:53:29'),
(184, 68, 18, 0, '2023-12-01 10:51:50', '2023-12-01 10:51:50'),
(185, 68, 20, 0, '2023-12-01 10:51:50', '2023-12-01 10:51:50'),
(186, 68, 11, 0, '2023-12-01 10:51:50', '2023-12-01 10:51:50'),
(187, 68, 14, 0, '2023-12-01 10:51:50', '2023-12-01 10:51:50'),
(188, 68, 15, 1, '2023-12-01 10:51:50', '2024-01-12 23:53:40'),
(189, 69, 16, 1, '2023-12-01 10:51:51', '2023-12-01 10:53:22'),
(190, 69, 18, 0, '2023-12-01 10:51:51', '2023-12-01 10:51:51'),
(191, 69, 20, 0, '2023-12-01 10:51:51', '2023-12-01 10:51:51'),
(192, 69, 11, 0, '2023-12-01 10:51:51', '2023-12-01 10:51:51'),
(193, 69, 14, 0, '2023-12-01 10:51:51', '2023-12-01 10:51:51'),
(194, 69, 15, 1, '2023-12-01 10:51:51', '2024-01-12 23:53:35'),
(195, 70, 16, 1, '2023-12-01 10:51:53', '2023-12-01 10:53:19'),
(196, 70, 18, 0, '2023-12-01 10:51:53', '2023-12-01 10:51:53'),
(197, 70, 20, 0, '2023-12-01 10:51:53', '2023-12-01 10:51:53'),
(198, 70, 11, 0, '2023-12-01 10:51:53', '2023-12-01 10:51:53'),
(199, 70, 14, 0, '2023-12-01 10:51:53', '2023-12-01 10:51:53'),
(200, 70, 15, 1, '2023-12-01 10:51:53', '2024-01-12 23:53:28'),
(201, 71, 16, 1, '2023-12-01 10:56:28', '2023-12-02 19:04:21'),
(202, 71, 18, 0, '2023-12-01 10:56:28', '2023-12-01 10:56:28'),
(203, 71, 20, 0, '2023-12-01 10:56:28', '2023-12-01 10:56:28'),
(204, 71, 11, 0, '2023-12-01 10:56:28', '2023-12-01 10:56:28'),
(205, 71, 14, 0, '2023-12-01 10:56:28', '2023-12-01 10:56:28'),
(206, 71, 15, 1, '2023-12-01 10:56:28', '2024-01-12 23:53:22'),
(207, 72, 16, 1, '2023-12-01 10:57:41', '2023-12-02 19:04:26'),
(208, 72, 18, 0, '2023-12-01 10:57:41', '2023-12-01 10:57:41'),
(209, 72, 20, 0, '2023-12-01 10:57:41', '2023-12-01 10:57:41'),
(210, 72, 11, 1, '2023-12-01 10:57:41', '2023-12-25 21:32:59'),
(211, 72, 14, 0, '2023-12-01 10:57:41', '2023-12-01 10:57:41'),
(212, 72, 15, 1, '2023-12-01 10:57:41', '2024-01-12 23:53:16'),
(213, 73, 16, 1, '2023-12-01 10:57:54', '2023-12-02 19:03:58'),
(214, 73, 18, 0, '2023-12-01 10:57:54', '2023-12-01 10:57:54'),
(215, 73, 20, 0, '2023-12-01 10:57:54', '2023-12-01 10:57:54'),
(216, 73, 11, 1, '2023-12-01 10:57:54', '2023-12-25 21:32:56'),
(217, 73, 14, 0, '2023-12-01 10:57:54', '2023-12-01 10:57:54'),
(218, 73, 15, 1, '2023-12-01 10:57:54', '2024-01-12 23:53:11'),
(219, 74, 16, 1, '2023-12-01 10:57:59', '2023-12-02 19:03:53'),
(220, 74, 18, 0, '2023-12-01 10:57:59', '2023-12-01 10:57:59'),
(221, 74, 20, 0, '2023-12-01 10:57:59', '2023-12-01 10:57:59'),
(222, 74, 11, 1, '2023-12-01 10:57:59', '2023-12-25 21:32:51'),
(223, 74, 14, 0, '2023-12-01 10:57:59', '2023-12-01 10:57:59'),
(224, 74, 15, 1, '2023-12-01 10:57:59', '2024-01-12 23:53:07'),
(225, 75, 16, 1, '2023-12-02 00:00:30', '2023-12-02 00:00:56'),
(226, 75, 18, 0, '2023-12-02 00:00:30', '2023-12-02 00:00:30'),
(227, 75, 20, 0, '2023-12-02 00:00:30', '2023-12-02 00:00:30'),
(228, 76, 17, 1, '2023-12-02 00:01:06', '2023-12-02 00:01:25'),
(229, 77, 16, 1, '2023-12-02 21:35:26', '2023-12-02 21:35:39'),
(230, 78, 18, 0, '2023-12-02 21:35:46', '2023-12-02 21:35:46'),
(231, 78, 20, 0, '2023-12-02 21:35:46', '2023-12-02 21:35:46'),
(232, 78, 12, 1, '2023-12-02 21:35:46', '2023-12-03 00:45:27'),
(233, 78, 14, 0, '2023-12-02 21:35:46', '2023-12-02 21:35:46'),
(234, 78, 15, 1, '2023-12-02 21:35:46', '2024-01-12 23:53:02'),
(235, 78, 19, 0, '2023-12-02 21:35:46', '2023-12-02 21:35:46'),
(236, 79, 16, 1, '2023-12-03 00:51:12', '2023-12-03 00:51:16'),
(237, 80, 16, 1, '2023-12-03 00:51:18', '2023-12-03 01:41:41'),
(238, 80, 12, 1, '2023-12-03 00:51:18', '2023-12-03 00:51:25'),
(239, 81, 1, 1, '2023-12-03 00:55:42', '2023-12-03 00:55:47'),
(240, 82, 1, 1, '2023-12-03 00:58:17', '2023-12-03 00:58:25'),
(241, 83, 1, 1, '2023-12-03 01:06:29', '2023-12-03 01:09:08'),
(242, 84, 1, 1, '2023-12-03 01:07:41', '2023-12-03 01:09:03'),
(243, 85, 1, 1, '2023-12-03 01:08:58', '2023-12-03 01:09:05'),
(244, 86, 1, 1, '2023-12-03 01:09:24', '2023-12-03 01:24:04'),
(245, 86, 12, 1, '2023-12-03 01:09:24', '2023-12-03 01:09:33'),
(246, 86, 14, 0, '2023-12-03 01:09:24', '2023-12-03 01:09:24'),
(247, 87, 1, 1, '2023-12-03 01:24:29', '2023-12-03 01:24:34'),
(248, 88, 1, 1, '2023-12-03 01:24:36', '2023-12-03 01:24:46'),
(249, 88, 12, 1, '2023-12-03 01:24:36', '2023-12-03 01:28:16'),
(250, 88, 14, 0, '2023-12-03 01:24:36', '2023-12-03 01:24:36'),
(251, 89, 12, 1, '2023-12-03 01:28:47', '2023-12-03 01:29:00'),
(252, 89, 14, 0, '2023-12-03 01:28:47', '2023-12-03 01:28:47'),
(253, 90, 12, 1, '2023-12-03 01:28:48', '2023-12-03 01:28:58'),
(254, 90, 14, 0, '2023-12-03 01:28:48', '2023-12-03 01:28:48'),
(255, 91, 1, 1, '2023-12-03 01:29:20', '2023-12-03 01:29:38'),
(256, 91, 12, 1, '2023-12-03 01:29:20', '2023-12-03 02:03:58'),
(257, 91, 14, 0, '2023-12-03 01:29:20', '2023-12-03 01:29:20'),
(258, 92, 1, 1, '2023-12-03 01:29:42', '2023-12-03 01:29:48'),
(259, 92, 12, 1, '2023-12-03 01:29:42', '2023-12-03 02:03:55'),
(260, 92, 14, 0, '2023-12-03 01:29:42', '2023-12-03 01:29:42'),
(261, 93, 12, 1, '2023-12-03 01:41:51', '2023-12-03 02:03:51'),
(262, 94, 12, 1, '2023-12-03 01:41:56', '2023-12-03 02:03:47'),
(263, 95, 16, 1, '2023-12-03 02:04:35', '2023-12-03 02:04:47'),
(264, 96, 17, 1, '2023-12-03 02:04:53', '2023-12-03 02:04:59'),
(265, 97, 16, 1, '2023-12-03 02:05:00', '2023-12-03 02:05:04'),
(266, 97, 12, 1, '2023-12-03 02:05:00', '2023-12-03 02:05:13'),
(267, 98, 16, 0, '2023-12-16 02:23:17', '2023-12-16 02:23:17'),
(268, 98, 18, 0, '2023-12-16 02:23:17', '2023-12-16 02:23:17'),
(269, 98, 20, 0, '2023-12-16 02:23:17', '2023-12-16 02:23:17'),
(270, 99, 16, 1, '2024-01-04 11:11:52', '2024-01-04 11:12:19'),
(271, 99, 18, 0, '2024-01-04 11:11:52', '2024-01-04 11:11:52'),
(272, 99, 20, 0, '2024-01-04 11:11:52', '2024-01-04 11:11:52'),
(273, 100, 17, 1, '2024-01-04 11:12:30', '2024-01-04 11:12:42'),
(274, 101, 16, 0, '2024-01-04 11:12:52', '2024-01-04 11:12:52'),
(275, 101, 18, 0, '2024-01-04 11:12:52', '2024-01-04 11:12:52'),
(276, 101, 20, 0, '2024-01-04 11:12:52', '2024-01-04 11:12:52'),
(277, 101, 12, 1, '2024-01-04 11:12:52', '2024-01-09 07:31:32'),
(278, 101, 11, 0, '2024-01-04 11:12:52', '2024-01-04 11:12:52'),
(279, 101, 13, 0, '2024-01-04 11:12:52', '2024-01-04 11:12:52'),
(280, 102, 16, 0, '2024-01-04 11:12:56', '2024-01-04 11:12:56'),
(281, 102, 18, 0, '2024-01-04 11:12:56', '2024-01-04 11:12:56'),
(282, 102, 20, 0, '2024-01-04 11:12:56', '2024-01-04 11:12:56'),
(283, 102, 12, 1, '2024-01-04 11:12:56', '2024-01-09 07:31:26'),
(284, 102, 11, 0, '2024-01-04 11:12:56', '2024-01-04 11:12:56'),
(285, 102, 13, 0, '2024-01-04 11:12:56', '2024-01-04 11:12:56'),
(286, 103, 16, 0, '2024-01-04 11:12:57', '2024-01-04 11:12:57'),
(287, 103, 18, 0, '2024-01-04 11:12:57', '2024-01-04 11:12:57'),
(288, 103, 20, 0, '2024-01-04 11:12:57', '2024-01-04 11:12:57'),
(289, 103, 12, 1, '2024-01-04 11:12:57', '2024-01-08 08:19:48'),
(290, 103, 11, 0, '2024-01-04 11:12:57', '2024-01-04 11:12:57'),
(291, 103, 13, 0, '2024-01-04 11:12:57', '2024-01-04 11:12:57'),
(292, 104, 16, 0, '2024-01-08 07:16:51', '2024-01-08 07:16:51'),
(293, 104, 18, 0, '2024-01-08 07:16:51', '2024-01-08 07:16:51'),
(294, 104, 20, 0, '2024-01-08 07:16:51', '2024-01-08 07:16:51'),
(295, 105, 16, 0, '2024-01-08 07:17:01', '2024-01-08 07:17:01'),
(296, 105, 18, 0, '2024-01-08 07:17:01', '2024-01-08 07:17:01'),
(297, 105, 20, 0, '2024-01-08 07:17:01', '2024-01-08 07:17:01'),
(298, 106, 16, 0, '2024-01-08 07:17:04', '2024-01-08 07:17:04'),
(299, 106, 18, 0, '2024-01-08 07:17:04', '2024-01-08 07:17:04'),
(300, 106, 20, 0, '2024-01-08 07:17:04', '2024-01-08 07:17:04'),
(301, 107, 16, 0, '2024-01-08 07:17:06', '2024-01-08 07:17:06'),
(302, 107, 18, 0, '2024-01-08 07:17:06', '2024-01-08 07:17:06'),
(303, 107, 20, 0, '2024-01-08 07:17:06', '2024-01-08 07:17:06'),
(304, 108, 16, 0, '2024-01-08 07:17:09', '2024-01-08 07:17:09'),
(305, 108, 18, 0, '2024-01-08 07:17:09', '2024-01-08 07:17:09'),
(306, 108, 20, 0, '2024-01-08 07:17:09', '2024-01-08 07:17:09'),
(307, 109, 16, 0, '2024-01-08 07:17:20', '2024-01-08 07:17:20'),
(308, 109, 18, 0, '2024-01-08 07:17:20', '2024-01-08 07:17:20'),
(309, 109, 20, 0, '2024-01-08 07:17:20', '2024-01-08 07:17:20'),
(310, 110, 16, 0, '2024-01-08 07:18:49', '2024-01-08 07:18:49'),
(311, 110, 18, 0, '2024-01-08 07:18:49', '2024-01-08 07:18:49'),
(312, 110, 20, 0, '2024-01-08 07:18:49', '2024-01-08 07:18:49'),
(313, 111, 16, 0, '2024-01-08 07:37:33', '2024-01-08 07:37:33'),
(314, 112, 16, 0, '2024-01-08 07:37:39', '2024-01-08 07:37:39'),
(315, 113, 16, 0, '2024-01-08 07:37:41', '2024-01-08 07:37:41'),
(316, 114, 16, 0, '2024-01-08 07:37:43', '2024-01-08 07:37:43'),
(317, 115, 16, 0, '2024-01-08 07:37:59', '2024-01-08 07:37:59'),
(318, 116, 16, 0, '2024-01-08 07:38:13', '2024-01-08 07:38:13'),
(319, 117, 16, 0, '2024-01-08 07:39:37', '2024-01-08 07:39:37'),
(320, 118, 16, 0, '2024-01-08 07:39:38', '2024-01-08 07:39:38'),
(321, 119, 16, 0, '2024-01-08 07:40:09', '2024-01-08 07:40:09'),
(322, 120, 17, 1, '2024-01-11 08:18:28', '2024-01-21 02:55:12'),
(323, 121, 17, 1, '2024-01-11 08:18:29', '2024-01-21 02:55:09'),
(324, 122, 17, 1, '2024-01-11 08:35:55', '2024-01-21 02:55:06'),
(325, 123, 16, 0, '2024-01-21 02:55:18', '2024-01-21 02:55:18'),
(326, 123, 18, 0, '2024-01-21 02:55:18', '2024-01-21 02:55:18'),
(327, 123, 20, 0, '2024-01-21 02:55:18', '2024-01-21 02:55:18'),
(328, 123, 12, 0, '2024-01-21 02:55:18', '2024-01-21 02:55:18'),
(329, 123, 11, 0, '2024-01-21 02:55:18', '2024-01-21 02:55:18'),
(330, 123, 13, 0, '2024-01-21 02:55:18', '2024-01-21 02:55:18');

-- --------------------------------------------------------

--
-- Cấu trúc bảng cho bảng `report_notifications`
--

CREATE TABLE `report_notifications` (
  `id` bigint(20) UNSIGNED NOT NULL,
  `task_id` bigint(20) UNSIGNED NOT NULL,
  `type` int(11) DEFAULT NULL,
  `datetime` datetime DEFAULT NULL,
  `from_user` bigint(20) UNSIGNED NOT NULL,
  `created_at` timestamp NULL DEFAULT NULL,
  `updated_at` timestamp NULL DEFAULT NULL
) ENGINE=InnoDB DEFAULT CHARSET=utf8mb4 COLLATE=utf8mb4_unicode_ci;

--
-- Đang đổ dữ liệu cho bảng `report_notifications`
--

INSERT INTO `report_notifications` (`id`, `task_id`, `type`, `datetime`, `from_user`, `created_at`, `updated_at`) VALUES
(1, 8, 1, '2023-11-19 13:00:26', 12, '2023-11-19 06:00:26', '2023-11-19 06:00:26'),
(2, 8, 1, '2023-11-19 13:01:37', 12, '2023-11-19 06:01:37', '2023-11-19 06:01:37'),
(3, 8, 1, '2023-11-19 13:02:31', 12, '2023-11-19 06:02:31', '2023-11-19 06:02:31'),
(4, 8, 1, '2023-11-19 13:03:33', 12, '2023-11-19 06:03:33', '2023-11-19 06:03:33'),
(5, 8, 1, '2023-11-19 13:04:07', 12, '2023-11-19 06:04:07', '2023-11-19 06:04:07'),
(6, 8, 1, '2023-11-19 13:04:53', 12, '2023-11-19 06:04:53', '2023-11-19 06:04:53'),
(7, 8, 1, '2023-11-19 13:06:00', 12, '2023-11-19 06:06:00', '2023-11-19 06:06:00'),
(8, 8, 1, '2023-11-19 13:10:53', 12, '2023-11-19 06:10:53', '2023-11-19 06:10:53'),
(9, 8, 1, '2023-11-19 13:14:37', 12, '2023-11-19 06:14:37', '2023-11-19 06:14:37'),
(10, 8, 1, '2023-11-19 13:14:49', 12, '2023-11-19 06:14:49', '2023-11-19 06:14:49'),
(11, 8, 1, '2023-11-19 13:14:59', 12, '2023-11-19 06:14:59', '2023-11-19 06:14:59'),
(12, 8, 1, '2023-11-19 13:18:21', 12, '2023-11-19 06:18:21', '2023-11-19 06:18:21'),
(13, 8, 1, '2023-11-19 13:20:15', 12, '2023-11-19 06:20:15', '2023-11-19 06:20:15'),
(14, 8, 1, '2023-11-19 13:32:27', 12, '2023-11-19 06:32:27', '2023-11-19 06:32:27'),
(15, 8, 1, '2023-11-19 20:39:02', 12, '2023-11-19 06:39:02', '2023-11-19 06:39:02'),
(16, 8, 1, '2023-11-19 20:43:14', 12, '2023-11-19 06:43:14', '2023-11-19 06:43:14'),
(17, 8, 1, '2023-11-19 20:54:39', 12, '2023-11-19 06:54:39', '2023-11-19 06:54:39'),
(18, 8, 1, '2023-11-19 20:57:01', 12, '2023-11-19 06:57:01', '2023-11-19 06:57:01'),
(19, 8, 1, '2023-11-19 20:57:09', 12, '2023-11-19 06:57:09', '2023-11-19 06:57:09'),
(20, 8, 1, '2023-11-19 20:58:11', 12, '2023-11-19 06:58:11', '2023-11-19 06:58:11'),
(21, 8, 1, '2023-11-19 20:59:37', 12, '2023-11-19 06:59:37', '2023-11-19 06:59:37'),
(22, 8, 1, '2023-11-19 21:01:06', 12, '2023-11-19 07:01:06', '2023-11-19 07:01:06'),
(23, 8, 1, '2023-11-19 21:01:23', 12, '2023-11-19 07:01:23', '2023-11-19 07:01:23'),
(24, 8, 1, '2023-11-19 21:01:24', 12, '2023-11-19 07:01:24', '2023-11-19 07:01:24'),
(25, 8, 1, '2023-11-19 21:01:54', 12, '2023-11-19 07:01:54', '2023-11-19 07:01:54'),
(26, 8, 1, '2023-11-19 21:02:08', 12, '2023-11-19 07:02:08', '2023-11-19 07:02:08'),
(27, 8, 1, '2023-11-19 22:16:22', 12, '2023-11-19 08:16:22', '2023-11-19 08:16:22'),
(28, 8, 1, '2023-11-19 22:16:28', 12, '2023-11-19 08:16:28', '2023-11-19 08:16:28'),
(29, 8, 1, '2023-11-25 15:45:25', 12, '2023-11-25 01:45:25', '2023-11-25 01:45:25'),
(30, 8, 1, '2023-11-26 16:02:34', 12, '2023-11-26 02:02:34', '2023-11-26 02:02:34'),
(31, 8, 1, '2023-11-27 17:26:16', 16, '2023-11-27 03:26:16', '2023-11-27 03:26:16'),
(32, 8, 1, '2023-11-27 17:26:26', 16, '2023-11-27 03:26:26', '2023-11-27 03:26:26'),
(33, 8, 1, '2023-11-27 17:30:01', 16, '2023-11-27 03:30:01', '2023-11-27 03:30:01'),
(34, 8, 2, '2023-11-27 23:19:52', 17, '2023-11-27 09:19:52', '2023-11-27 09:19:52'),
(35, 8, 2, '2023-11-27 23:20:34', 17, '2023-11-27 09:20:34', '2023-11-27 09:20:34'),
(36, 8, 1, '2023-11-27 23:25:02', 16, '2023-11-27 09:25:02', '2023-11-27 09:25:02'),
(37, 8, 1, '2023-11-27 23:25:22', 16, '2023-11-27 09:25:22', '2023-11-27 09:25:22'),
(38, 8, 1, '2023-11-27 23:25:23', 16, '2023-11-27 09:25:23', '2023-11-27 09:25:23'),
(39, 8, 2, '2023-11-27 23:40:54', 17, '2023-11-27 09:40:54', '2023-11-27 09:40:54'),
(40, 8, 2, '2023-11-27 23:45:29', 17, '2023-11-27 09:45:29', '2023-11-27 09:45:29'),
(41, 8, 1, '2023-11-27 23:59:28', 16, '2023-11-27 09:59:28', '2023-11-27 09:59:28'),
(42, 8, 2, '2023-11-27 23:59:42', 17, '2023-11-27 09:59:42', '2023-11-27 09:59:42'),
(43, 8, 1, '2023-11-27 23:59:50', 16, '2023-11-27 09:59:50', '2023-11-27 09:59:50'),
(44, 8, 2, '2023-11-27 23:59:58', 17, '2023-11-27 09:59:58', '2023-11-27 09:59:58'),
(45, 8, 1, '2023-11-28 00:00:07', 16, '2023-11-27 10:00:07', '2023-11-27 10:00:07'),
(46, 8, 1, '2023-11-28 00:06:11', 16, '2023-11-27 10:06:11', '2023-11-27 10:06:11'),
(47, 8, 2, '2023-11-28 00:08:46', 17, '2023-11-27 10:08:46', '2023-11-27 10:08:46'),
(48, 8, 2, '2023-11-28 00:09:05', 17, '2023-11-27 10:09:05', '2023-11-27 10:09:05'),
(49, 8, 1, '2023-11-28 13:55:24', 16, '2023-11-27 23:55:24', '2023-11-27 23:55:24'),
(50, 8, 2, '2023-11-28 13:55:42', 17, '2023-11-27 23:55:42', '2023-11-27 23:55:42'),
(51, 9, 2, '2023-11-28 17:54:56', 17, '2023-11-28 03:54:56', '2023-11-28 03:54:56'),
(52, 9, 2, '2023-11-28 17:54:58', 17, '2023-11-28 03:54:58', '2023-11-28 03:54:58'),
(53, 6, 2, '2023-11-28 17:56:14', 17, '2023-11-28 03:56:14', '2023-11-28 03:56:14'),
(54, 11, 1, '2023-12-02 00:41:33', 16, '2023-12-01 10:41:33', '2023-12-01 10:41:33'),
(55, 11, 2, '2023-12-02 00:42:02', 17, '2023-12-01 10:42:02', '2023-12-01 10:42:02'),
(56, 11, 2, '2023-12-02 00:49:45', 17, '2023-12-01 10:49:45', '2023-12-01 10:49:45'),
(57, 11, 2, '2023-12-02 00:49:48', 17, '2023-12-01 10:49:48', '2023-12-01 10:49:48'),
(58, 11, 2, '2023-12-02 00:49:54', 17, '2023-12-01 10:49:54', '2023-12-01 10:49:54'),
(59, 11, 2, '2023-12-02 00:49:55', 17, '2023-12-01 10:49:55', '2023-12-01 10:49:55'),
(60, 11, 2, '2023-12-02 00:50:10', 17, '2023-12-01 10:50:10', '2023-12-01 10:50:10'),
(61, 11, 2, '2023-12-02 00:50:11', 17, '2023-12-01 10:50:11', '2023-12-01 10:50:11'),
(62, 11, 2, '2023-12-02 00:50:22', 17, '2023-12-01 10:50:22', '2023-12-01 10:50:22'),
(63, 11, 2, '2023-12-02 00:50:57', 17, '2023-12-01 10:50:57', '2023-12-01 10:50:57'),
(64, 11, 2, '2023-12-02 00:51:06', 17, '2023-12-01 10:51:06', '2023-12-01 10:51:06'),
(65, 11, 2, '2023-12-02 00:51:35', 17, '2023-12-01 10:51:35', '2023-12-01 10:51:35'),
(66, 11, 2, '2023-12-02 00:51:36', 17, '2023-12-01 10:51:36', '2023-12-01 10:51:36'),
(67, 11, 2, '2023-12-02 00:51:38', 17, '2023-12-01 10:51:38', '2023-12-01 10:51:38'),
(68, 11, 2, '2023-12-02 00:51:50', 17, '2023-12-01 10:51:50', '2023-12-01 10:51:50'),
(69, 11, 2, '2023-12-02 00:51:51', 17, '2023-12-01 10:51:51', '2023-12-01 10:51:51'),
(70, 11, 2, '2023-12-02 00:51:53', 17, '2023-12-01 10:51:53', '2023-12-01 10:51:53'),
(71, 11, 2, '2023-12-02 00:56:28', 17, '2023-12-01 10:56:28', '2023-12-01 10:56:28'),
(72, 11, 2, '2023-12-02 00:57:41', 17, '2023-12-01 10:57:41', '2023-12-01 10:57:41'),
(73, 11, 2, '2023-12-02 00:57:54', 17, '2023-12-01 10:57:54', '2023-12-01 10:57:54'),
(74, 11, 2, '2023-12-02 00:57:59', 17, '2023-12-01 10:57:59', '2023-12-01 10:57:59'),
(75, 6, 1, '2023-12-02 14:00:30', 12, '2023-12-02 00:00:30', '2023-12-02 00:00:30'),
(76, 6, 1, '2023-12-02 14:01:06', 16, '2023-12-02 00:01:06', '2023-12-02 00:01:06'),
(77, 17, 1, '2023-12-03 11:35:26', 12, '2023-12-02 21:35:26', '2023-12-02 21:35:26'),
(78, 17, 2, '2023-12-03 11:35:46', 16, '2023-12-02 21:35:46', '2023-12-02 21:35:46'),
(79, 24, 1, '2023-12-03 14:51:12', 12, '2023-12-03 00:51:12', '2023-12-03 00:51:12'),
(80, 24, 2, '2023-12-03 14:51:18', 16, '2023-12-03 00:51:18', '2023-12-03 00:51:18'),
(81, 25, 1, '2023-12-03 14:55:42', 12, '2023-12-03 00:55:42', '2023-12-03 00:55:42'),
(82, 25, 1, '2023-12-03 14:58:17', 12, '2023-12-03 00:58:17', '2023-12-03 00:58:17'),
(83, 25, 1, '2023-12-03 15:06:29', 12, '2023-12-03 01:06:29', '2023-12-03 01:06:29'),
(84, 25, 1, '2023-12-03 15:07:41', 12, '2023-12-03 01:07:41', '2023-12-03 01:07:41'),
(85, 25, 1, '2023-12-03 15:08:58', 12, '2023-12-03 01:08:58', '2023-12-03 01:08:58'),
(86, 25, 2, '2023-12-03 15:09:24', 1, '2023-12-03 01:09:24', '2023-12-03 01:09:24'),
(87, 25, 1, '2023-12-03 15:24:29', 12, '2023-12-03 01:24:29', '2023-12-03 01:24:29'),
(88, 25, 2, '2023-12-03 15:24:36', 1, '2023-12-03 01:24:36', '2023-12-03 01:24:36'),
(89, 25, 2, '2023-12-03 15:28:47', 1, '2023-12-03 01:28:47', '2023-12-03 01:28:47'),
(90, 25, 2, '2023-12-03 15:28:48', 1, '2023-12-03 01:28:48', '2023-12-03 01:28:48'),
(91, 25, 2, '2023-12-03 15:29:20', 17, '2023-12-03 01:29:20', '2023-12-03 01:29:20'),
(92, 25, 2, '2023-12-03 15:29:42', 17, '2023-12-03 01:29:42', '2023-12-03 01:29:42'),
(93, 24, 2, '2023-12-03 15:41:51', 16, '2023-12-03 01:41:51', '2023-12-03 01:41:51'),
(94, 24, 2, '2023-12-03 15:41:56', 16, '2023-12-03 01:41:56', '2023-12-03 01:41:56'),
(95, 26, 1, '2023-12-03 16:04:35', 12, '2023-12-03 02:04:35', '2023-12-03 02:04:35'),
(96, 26, 1, '2023-12-03 16:04:53', 16, '2023-12-03 02:04:53', '2023-12-03 02:04:53'),
(97, 26, 2, '2023-12-03 16:05:00', 17, '2023-12-03 02:05:00', '2023-12-03 02:05:00'),
(98, 6, 1, '2023-12-16 16:23:17', 12, '2023-12-16 02:23:17', '2023-12-16 02:23:17'),
(99, 6, 1, '2024-01-05 01:11:52', 12, '2024-01-04 11:11:52', '2024-01-04 11:11:52'),
(100, 6, 1, '2024-01-05 01:12:30', 16, '2024-01-04 11:12:30', '2024-01-04 11:12:30'),
(101, 6, 2, '2024-01-05 01:12:52', 17, '2024-01-04 11:12:52', '2024-01-04 11:12:52'),
(102, 6, 2, '2024-01-05 01:12:56', 17, '2024-01-04 11:12:56', '2024-01-04 11:12:56'),
(103, 6, 2, '2024-01-05 01:12:57', 17, '2024-01-04 11:12:57', '2024-01-04 11:12:57'),
(104, 6, 1, '2024-01-08 21:16:51', 12, '2024-01-08 07:16:51', '2024-01-08 07:16:51'),
(105, 6, 1, '2024-01-08 21:17:01', 12, '2024-01-08 07:17:01', '2024-01-08 07:17:01'),
(106, 6, 1, '2024-01-08 21:17:04', 12, '2024-01-08 07:17:04', '2024-01-08 07:17:04'),
(107, 6, 1, '2024-01-08 21:17:06', 12, '2024-01-08 07:17:06', '2024-01-08 07:17:06'),
(108, 6, 1, '2024-01-08 21:17:09', 12, '2024-01-08 07:17:09', '2024-01-08 07:17:09'),
(109, 6, 1, '2024-01-08 21:17:20', 12, '2024-01-08 07:17:20', '2024-01-08 07:17:20'),
(110, 6, 1, '2024-01-08 21:18:49', 12, '2024-01-08 07:18:49', '2024-01-08 07:18:49'),
(111, 28, 1, '2024-01-08 21:37:33', 12, '2024-01-08 07:37:33', '2024-01-08 07:37:33'),
(112, 28, 1, '2024-01-08 21:37:39', 12, '2024-01-08 07:37:39', '2024-01-08 07:37:39'),
(113, 28, 1, '2024-01-08 21:37:41', 12, '2024-01-08 07:37:41', '2024-01-08 07:37:41'),
(114, 28, 1, '2024-01-08 21:37:43', 12, '2024-01-08 07:37:43', '2024-01-08 07:37:43'),
(115, 28, 1, '2024-01-08 21:37:59', 12, '2024-01-08 07:37:59', '2024-01-08 07:37:59'),
(116, 28, 1, '2024-01-08 21:38:13', 12, '2024-01-08 07:38:13', '2024-01-08 07:38:13'),
(117, 28, 1, '2024-01-08 21:39:37', 12, '2024-01-08 07:39:37', '2024-01-08 07:39:37'),
(118, 28, 1, '2024-01-08 21:39:38', 12, '2024-01-08 07:39:38', '2024-01-08 07:39:38'),
(119, 28, 1, '2024-01-08 21:40:09', 12, '2024-01-08 07:40:09', '2024-01-08 07:40:09'),
(120, 6, 1, '2024-01-11 22:18:28', 16, '2024-01-11 08:18:28', '2024-01-11 08:18:28'),
(121, 6, 1, '2024-01-11 22:18:29', 16, '2024-01-11 08:18:29', '2024-01-11 08:18:29'),
(122, 30, 1, '2024-01-11 22:35:55', 16, '2024-01-11 08:35:55', '2024-01-11 08:35:55'),
(123, 6, 2, '2024-01-21 16:55:18', 17, '2024-01-21 02:55:18', '2024-01-21 02:55:18');

-- --------------------------------------------------------

--
-- Cấu trúc bảng cho bảng `roles`
--

CREATE TABLE `roles` (
  `id` bigint(20) UNSIGNED NOT NULL,
  `name` varchar(255) DEFAULT NULL,
  `created_at` timestamp NULL DEFAULT NULL,
  `updated_at` timestamp NULL DEFAULT NULL
) ENGINE=InnoDB DEFAULT CHARSET=utf8mb4 COLLATE=utf8mb4_unicode_ci;

--
-- Đang đổ dữ liệu cho bảng `roles`
--

INSERT INTO `roles` (`id`, `name`, `created_at`, `updated_at`) VALUES
(1, 'Quản lý tài khoản', '2023-12-21 10:51:26', '2023-12-21 10:51:26'),
(2, 'Quản lý phòng ban', '2023-12-21 10:51:26', '2023-12-21 10:51:26'),
(3, 'Thống kê lương', '2023-12-21 10:52:23', '2023-12-21 10:52:23');

-- --------------------------------------------------------

--
-- Cấu trúc bảng cho bảng `salaries`
--

CREATE TABLE `salaries` (
  `id` bigint(20) UNSIGNED NOT NULL,
  `title` varchar(255) DEFAULT NULL,
  `user_id` bigint(20) NOT NULL,
  `month` int(10) DEFAULT NULL,
  `year` int(10) DEFAULT NULL,
  `hours_worked` double(8,2) DEFAULT NULL,
  `standard_hour` double(8,2) DEFAULT NULL,
  `calculated_salary` double NOT NULL,
  `create_by` bigint(20) DEFAULT NULL,
  `created_at` timestamp NULL DEFAULT NULL,
  `updated_at` timestamp NULL DEFAULT NULL
) ENGINE=InnoDB DEFAULT CHARSET=utf8mb4 COLLATE=utf8mb4_unicode_ci;

--
-- Đang đổ dữ liệu cho bảng `salaries`
--

INSERT INTO `salaries` (`id`, `title`, `user_id`, `month`, `year`, `hours_worked`, `standard_hour`, `calculated_salary`, `create_by`, `created_at`, `updated_at`) VALUES
(155, 'Thống kê lương tháng 12', 11, 12, 2023, 168.00, 168.00, 7000000, 1, '2023-12-19 20:38:04', '2023-12-19 20:38:04'),
(156, 'Thống kê lương tháng 12', 12, 12, 2023, 170.00, 168.00, 8095238.1, 1, '2023-12-19 20:38:04', '2023-12-19 20:38:04'),
(157, 'Thống kê lương tháng 12', 14, 12, 2023, 168.00, 168.00, 7000000, 1, '2023-12-19 20:38:04', '2023-12-19 20:38:04'),
(158, 'Thống kê lương tháng 12', 15, 12, 2023, 168.00, 168.00, 7000000, 1, '2023-12-19 20:38:04', '2023-12-19 20:38:04'),
(159, 'Thống kê lương tháng 12', 19, 12, 2023, 168.00, 168.00, 7000000, 1, '2023-12-19 20:38:04', '2023-12-19 20:38:04'),
(160, 'Thống kê tháng lương 11', 11, 11, 2023, 176.00, 176.00, 7000000, 12, '2023-12-19 20:52:21', '2023-12-19 20:52:21'),
(161, 'Thống kê tháng lương 11', 12, 11, 2023, 176.00, 176.00, 8000000, 12, '2023-12-19 20:52:21', '2023-12-19 20:52:21'),
(162, 'Thống kê tháng lương 11', 14, 11, 2023, 176.00, 176.00, 7000000, 12, '2023-12-19 20:52:21', '2023-12-19 20:52:21'),
(163, 'Thống kê tháng lương 11', 15, 11, 2023, 176.00, 176.00, 7000000, 12, '2023-12-19 20:52:21', '2023-12-19 20:52:21'),
(164, 'Thống kê tháng lương 11', 19, 11, 2023, 176.00, 176.00, 7000000, 12, '2023-12-19 20:52:21', '2023-12-19 20:52:21'),
(165, 'Thống kê tháng lương tháng 10', 11, 10, 2023, 168.00, 176.00, 6681818.18, 12, '2023-12-19 20:52:34', '2023-12-19 20:52:34'),
(166, 'Thống kê tháng lương tháng 10', 12, 10, 2023, 178.00, 176.00, 8090909.09, 12, '2023-12-19 20:52:34', '2023-12-19 20:52:34'),
(167, 'Thống kê tháng lương tháng 10', 14, 10, 2023, 176.00, 176.00, 7000000, 12, '2023-12-19 20:52:34', '2023-12-19 20:52:34'),
(168, 'Thống kê tháng lương tháng 10', 15, 10, 2023, 176.00, 176.00, 7000000, 12, '2023-12-19 20:52:34', '2023-12-19 20:52:34'),
(169, 'Thống kê tháng lương tháng 10', 19, 10, 2023, 176.00, 176.00, 7000000, 12, '2023-12-19 20:52:34', '2023-12-19 20:52:34'),
(171, 'Thong ke luong thang 12 nam 2022', 12, 12, 2022, 176.00, 176.00, 8000000, 1, '2023-12-25 23:31:20', '2023-12-25 23:31:20'),
(172, 'Thong ke luong thang 11 nam 2022', 12, 11, 2022, 160.00, 176.00, 7272727.27, 1, '2023-12-25 23:31:39', '2023-12-25 23:31:39'),
(173, 'dsdsd', 12, 10, 2022, 176.00, 168.00, 8380952.38, 1, '2023-12-25 23:32:33', '2023-12-25 23:32:33'),
(175, 'dsadas', 12, 1, 2024, 8.00, 184.00, 347826.09, 1, '2024-01-13 02:21:44', '2024-01-13 02:21:44');

-- --------------------------------------------------------

--
-- Cấu trúc bảng cho bảng `tasks`
--

CREATE TABLE `tasks` (
  `id` bigint(20) UNSIGNED NOT NULL,
  `name` varchar(255) NOT NULL,
  `description` varchar(255) DEFAULT NULL,
  `content` text DEFAULT NULL,
  `start_date` date NOT NULL,
  `end_date` date NOT NULL,
  `priority` int(10) UNSIGNED DEFAULT NULL,
  `status` int(10) UNSIGNED NOT NULL DEFAULT 0,
  `task_creater` bigint(10) DEFAULT NULL,
  `created_at` timestamp NULL DEFAULT NULL,
  `updated_at` timestamp NULL DEFAULT NULL
) ENGINE=InnoDB DEFAULT CHARSET=utf8mb4 COLLATE=utf8mb4_unicode_ci;

--
-- Đang đổ dữ liệu cho bảng `tasks`
--

INSERT INTO `tasks` (`id`, `name`, `description`, `content`, `start_date`, `end_date`, `priority`, `status`, `task_creater`, `created_at`, `updated_at`) VALUES
(6, 'Cong viec 1', 'dasdas', 'sdasdas', '2023-11-10', '2023-11-16', 0, 3, NULL, '2023-11-08 07:45:04', '2024-01-21 02:55:18'),
(8, 'Cong viec 2', 'dasdas', 'đasa', '2023-11-10', '2023-11-24', 0, 1, NULL, '2023-11-09 09:22:08', '2023-12-01 06:56:40'),
(9, 'Cong viec 3', 'dasdas', 'sdasd', '2023-11-19', '2023-11-24', 1, 4, NULL, '2023-11-12 06:32:36', '2023-11-28 03:54:58'),
(10, 'Cong viec 4', 'dasdas', 'dadasdsdsa', '2023-11-29', '2023-12-10', 0, 0, NULL, '2023-11-28 09:10:59', '2023-11-28 09:10:59'),
(11, 'Cong viec 5', 'dasdas', 'sdsdsds', '2023-11-29', '2023-12-02', 0, 4, NULL, '2023-11-29 03:46:58', '2023-12-01 10:57:58'),
(12, 'Cong viec 6', 'Award Winning Service', 'fdfdfdf', '2023-11-29', '2023-12-08', 1, 0, NULL, '2023-11-29 03:50:22', '2023-11-29 03:50:22'),
(13, 'Cong viec 7', 'dasdas', NULL, '2023-12-01', '2023-12-31', NULL, 0, NULL, '2023-12-01 06:29:16', '2023-12-01 06:29:16'),
(14, 'Cong viec 8', 'dasdas', 'dasdasd', '2023-12-02', '2023-12-31', 0, 0, NULL, '2023-12-01 06:34:46', '2023-12-01 07:09:20'),
(15, 'Cong viec 9', 'dasdas', 'hhihihi', '2023-12-03', '2023-12-04', 0, 0, 17, '2023-12-02 18:59:19', '2023-12-02 18:59:19'),
(16, 'Cong viec 10', 'dasdas', 'sdsd', '2023-12-03', '2023-12-10', 0, 0, 16, '2023-12-02 20:17:22', '2023-12-02 20:17:22'),
(17, 'Cong viec 11', 'test', 'dadsdas', '2023-12-03', '2023-12-10', 0, 3, 16, '2023-12-02 20:40:40', '2023-12-02 21:35:46'),
(18, 'Phạm Đức', 'dasdas', 'dadasdas', '2023-12-09', '2023-12-10', 0, 0, 16, '2023-12-02 20:46:18', '2023-12-02 20:46:18'),
(19, 'Phạm Đức', 'dasdas', 'sdasdas', '2023-12-10', '2023-12-10', 0, 0, 16, '2023-12-02 20:46:37', '2023-12-02 20:46:37'),
(20, 'Cong viec 12', 'leader 1 create', 'dsadadas', '2023-12-03', '2023-12-30', 0, 0, 16, '2023-12-02 20:48:03', '2023-12-02 20:48:03'),
(21, 'Cong viec 13', 'leader 1 create', 'dasdasd', '2023-12-17', '2023-12-31', 1, 0, 16, '2023-12-02 20:48:25', '2023-12-02 20:48:25'),
(22, 'Cong viec 14', 'leader 1 create', 'dasd', '2023-12-23', '2023-12-23', 1, 0, 16, '2023-12-02 20:48:42', '2023-12-02 20:48:42'),
(23, 'Cong viec 15', 'dasdas', 'sdasd', '2023-12-03', '2023-12-10', 0, 0, 16, '2023-12-03 00:48:52', '2023-12-03 00:48:52'),
(24, 'Cong viec 16', 'dasdas', 'dasdas', '2023-12-04', '2023-12-04', 0, 3, 16, '2023-12-03 00:50:42', '2023-12-03 01:41:56'),
(25, 'Cong viec 14', 'dasdas', 'sdasdsa', '2023-12-10', '2023-12-13', 0, 4, 1, '2023-12-03 00:54:38', '2023-12-03 01:29:41'),
(26, 'Cong viec 17', 'dasdas', 'dsadas', '2023-12-22', '2023-12-31', 0, 3, 17, '2023-12-03 02:02:34', '2023-12-03 02:05:00'),
(28, 'Cong viec 18', 'Cong viec 18', 'ưeqweqwe', '2024-01-08', '2024-01-31', 0, 0, 16, '2024-01-08 07:36:13', '2024-01-08 07:40:12'),
(29, 'Cong viec 19', 'dasdas', 'dấdasd', '2024-01-11', '2024-01-31', 0, 0, 17, '2024-01-11 08:23:59', '2024-01-11 08:23:59'),
(30, 'Cong viec 19', 'Cong viec 19', 'đâsd', '2024-01-11', '2024-01-31', 0, 1, 17, '2024-01-11 08:25:25', '2024-01-11 08:35:53'),
(31, 'Phạm Đức', 'dasdas', 'dsadasd', '2024-01-11', '2024-01-12', 0, 0, 17, '2024-01-11 08:29:56', '2024-01-11 08:29:56'),
(32, 'Cong viec 20', 'Cong viec 20', 'sdasdasdas', '2024-01-13', '2024-01-21', 0, 0, 1, '2024-01-13 02:17:55', '2024-01-13 02:17:55');

-- --------------------------------------------------------

--
-- Cấu trúc bảng cho bảng `task_assignees`
--

CREATE TABLE `task_assignees` (
  `id` bigint(20) UNSIGNED NOT NULL,
  `task_id` bigint(20) UNSIGNED NOT NULL,
  `user_id` bigint(20) UNSIGNED NOT NULL,
  `created_at` timestamp NULL DEFAULT NULL,
  `updated_at` timestamp NULL DEFAULT NULL
) ENGINE=InnoDB DEFAULT CHARSET=utf8mb4 COLLATE=utf8mb4_unicode_ci;

--
-- Đang đổ dữ liệu cho bảng `task_assignees`
--

INSERT INTO `task_assignees` (`id`, `task_id`, `user_id`, `created_at`, `updated_at`) VALUES
(14, 6, 12, NULL, NULL),
(15, 8, 12, NULL, NULL),
(16, 9, 15, NULL, NULL),
(17, 9, 19, NULL, NULL),
(18, 6, 11, NULL, NULL),
(19, 6, 13, NULL, NULL),
(21, 9, 14, NULL, NULL),
(22, 10, 11, NULL, NULL),
(23, 10, 12, NULL, NULL),
(24, 10, 14, NULL, NULL),
(25, 10, 15, NULL, NULL),
(26, 11, 11, NULL, NULL),
(28, 11, 14, NULL, NULL),
(29, 11, 15, NULL, NULL),
(30, 12, 11, NULL, NULL),
(31, 12, 12, NULL, NULL),
(32, 12, 14, NULL, NULL),
(33, 12, 15, NULL, NULL),
(34, 13, 12, NULL, NULL),
(35, 13, 15, NULL, NULL),
(36, 14, 11, NULL, NULL),
(38, 14, 13, NULL, NULL),
(39, 14, 14, NULL, NULL),
(40, 14, 15, NULL, NULL),
(41, 14, 19, NULL, NULL),
(42, 14, 12, NULL, NULL),
(43, 15, 12, NULL, NULL),
(44, 15, 14, NULL, NULL),
(45, 15, 15, NULL, NULL),
(46, 15, 19, NULL, NULL),
(47, 16, 11, NULL, NULL),
(48, 16, 12, NULL, NULL),
(49, 16, 13, NULL, NULL),
(50, 16, 14, NULL, NULL),
(51, 16, 15, NULL, NULL),
(52, 16, 19, NULL, NULL),
(53, 17, 12, NULL, NULL),
(54, 17, 14, NULL, NULL),
(55, 17, 15, NULL, NULL),
(56, 17, 19, NULL, NULL),
(57, 23, 11, NULL, NULL),
(58, 23, 12, NULL, NULL),
(59, 24, 12, NULL, NULL),
(60, 25, 12, NULL, NULL),
(61, 25, 14, NULL, NULL),
(62, 26, 12, NULL, NULL),
(63, 28, 12, NULL, NULL),
(64, 30, 11, NULL, NULL),
(65, 30, 12, NULL, NULL),
(66, 32, 11, NULL, NULL),
(67, 32, 12, NULL, NULL);

-- --------------------------------------------------------

--
-- Cấu trúc bảng cho bảng `task_comments`
--

CREATE TABLE `task_comments` (
  `id` bigint(20) UNSIGNED NOT NULL,
  `user_id` bigint(20) UNSIGNED NOT NULL,
  `task_id` bigint(20) DEFAULT NULL,
  `comment` longtext NOT NULL,
  `created_at` timestamp NULL DEFAULT NULL,
  `updated_at` timestamp NULL DEFAULT NULL
) ENGINE=InnoDB DEFAULT CHARSET=utf8mb4 COLLATE=utf8mb4_unicode_ci;

--
-- Đang đổ dữ liệu cho bảng `task_comments`
--

INSERT INTO `task_comments` (`id`, `user_id`, `task_id`, `comment`, `created_at`, `updated_at`) VALUES
(1, 12, 10, 'ssss', '2023-12-31 02:46:39', '2023-12-31 02:46:39'),
(2, 12, 6, '1233212312', '2023-12-31 06:08:54', '2023-12-31 06:08:54'),
(3, 12, 6, 'Tduc deptrai vl', '2023-12-31 06:09:49', '2023-12-31 06:09:49'),
(4, 12, 6, 'dsdsds', '2023-12-31 07:00:53', '2023-12-31 07:00:53'),
(5, 12, 6, 'eqwew\newqewqesdasds', '2023-12-31 07:01:09', '2023-12-31 07:01:09'),
(6, 12, 6, 'hello\nimduc', '2023-12-31 07:40:57', '2023-12-31 07:40:57'),
(7, 12, 6, 'hello\nimduc', '2023-12-31 07:41:00', '2023-12-31 07:41:00'),
(8, 12, 8, 'hello\nim tuan duc\ndep trai', '2023-12-31 10:20:26', '2023-12-31 10:20:26'),
(9, 12, 8, 'sdasdsa\nsdsadas', '2023-12-31 10:23:28', '2023-12-31 10:23:28'),
(10, 12, 8, 'sdasdsa\nsdsadas', '2023-12-31 10:23:33', '2023-12-31 10:23:33'),
(11, 12, 8, 'sdasdas', '2023-12-31 10:24:05', '2023-12-31 10:24:05'),
(12, 12, 13, 'sdsds', '2023-12-31 10:24:17', '2023-12-31 10:24:17'),
(13, 12, 8, 'qwqwqw\nwqwqwqw', '2023-12-31 10:25:53', '2023-12-31 10:25:53'),
(14, 12, 6, 'sdasd', '2023-12-31 10:26:13', '2023-12-31 10:26:13'),
(15, 12, 6, 'dsdasd', '2023-12-31 10:26:32', '2023-12-31 10:26:32'),
(16, 12, 6, 'asdcacad', '2023-12-31 10:27:32', '2023-12-31 10:27:32'),
(17, 12, 6, 'gjgjhjgh\ni67i76i67', '2023-12-31 10:27:40', '2023-12-31 10:27:40'),
(18, 12, 6, 'ádsdas\nereewrwe', '2023-12-31 10:28:57', '2023-12-31 10:28:57'),
(19, 11, 6, 'eqwqweqwewe\nđâsdasds', '2023-12-31 10:30:42', '2023-12-31 10:30:42'),
(20, 1, 25, 'dasdas', '2024-01-19 09:27:31', '2024-01-19 09:27:31'),
(21, 1, 25, 'weqwewqe', '2024-01-19 09:32:19', '2024-01-19 09:32:19'),
(22, 1, 25, 'dasdas', '2024-01-19 09:36:32', '2024-01-19 09:36:32'),
(28, 1, 32, 'đâsd', '2024-01-19 09:56:02', '2024-01-19 09:56:02'),
(29, 1, 32, 'đâs', '2024-01-19 09:56:05', '2024-01-19 09:56:05');

-- --------------------------------------------------------

--
-- Cấu trúc bảng cho bảng `task_managers`
--

CREATE TABLE `task_managers` (
  `id` bigint(20) UNSIGNED NOT NULL,
  `task_id` bigint(20) UNSIGNED NOT NULL,
  `manager_id` bigint(20) UNSIGNED NOT NULL,
  `created_at` timestamp NULL DEFAULT NULL,
  `updated_at` timestamp NULL DEFAULT NULL
) ENGINE=InnoDB DEFAULT CHARSET=utf8mb4 COLLATE=utf8mb4_unicode_ci;

--
-- Đang đổ dữ liệu cho bảng `task_managers`
--

INSERT INTO `task_managers` (`id`, `task_id`, `manager_id`, `created_at`, `updated_at`) VALUES
(6, 8, 18, NULL, NULL),
(7, 8, 16, NULL, NULL),
(9, 9, 18, NULL, NULL),
(11, 9, 20, NULL, NULL),
(12, 10, 16, NULL, NULL),
(13, 10, 18, NULL, NULL),
(14, 10, 20, NULL, NULL),
(15, 11, 16, NULL, NULL),
(16, 11, 18, NULL, NULL),
(17, 11, 20, NULL, NULL),
(18, 12, 16, NULL, NULL),
(19, 12, 18, NULL, NULL),
(20, 13, 16, NULL, NULL),
(21, 13, 18, NULL, NULL),
(22, 13, 20, NULL, NULL),
(23, 14, 16, NULL, NULL),
(24, 14, 18, NULL, NULL),
(25, 14, 20, NULL, NULL),
(26, 6, 16, NULL, NULL),
(27, 6, 18, NULL, NULL),
(28, 6, 20, NULL, NULL),
(29, 15, 16, NULL, NULL),
(30, 15, 18, NULL, NULL),
(31, 15, 20, NULL, NULL),
(32, 16, 18, NULL, NULL),
(33, 16, 20, NULL, NULL),
(34, 17, 18, NULL, NULL),
(35, 17, 20, NULL, NULL),
(37, 23, 16, NULL, NULL),
(38, 24, 16, NULL, NULL),
(39, 25, 1, NULL, NULL),
(41, 26, 16, NULL, NULL),
(42, 28, 16, NULL, NULL),
(43, 30, 16, NULL, NULL),
(44, 32, 16, NULL, NULL),
(45, 32, 18, NULL, NULL);

-- --------------------------------------------------------

--
-- Cấu trúc bảng cho bảng `task_processes`
--

CREATE TABLE `task_processes` (
  `id` bigint(20) UNSIGNED NOT NULL,
  `process_details` text DEFAULT NULL,
  `process_status` int(10) UNSIGNED NOT NULL DEFAULT 0,
  `task_id` bigint(20) UNSIGNED DEFAULT NULL,
  `user_complete` bigint(11) DEFAULT NULL,
  `created_at` timestamp NULL DEFAULT NULL,
  `updated_at` timestamp NULL DEFAULT NULL
) ENGINE=InnoDB DEFAULT CHARSET=utf8mb4 COLLATE=utf8mb4_unicode_ci;

--
-- Đang đổ dữ liệu cho bảng `task_processes`
--

INSERT INTO `task_processes` (`id`, `process_details`, `process_status`, `task_id`, `user_complete`, `created_at`, `updated_at`) VALUES
(7, 'Tien trinh 1', 1, 6, 12, '2023-11-28 08:38:38', '2023-11-30 08:59:05'),
(11, 'Tien trinh 2', 1, 6, 16, '2023-11-28 09:03:39', '2023-12-01 10:29:16'),
(12, 'Tien trinh 3', 1, 6, 12, '2023-11-28 09:03:44', '2023-12-02 00:00:27'),
(13, 'Tien trinh 4', 0, 6, 12, '2023-11-28 09:04:37', '2023-12-29 03:32:22'),
(14, 'Tien trinh 2', 1, 10, 12, '2023-11-28 09:10:59', '2023-11-30 09:19:39'),
(15, 'Tien trinh 3', 1, 10, 16, '2023-11-28 09:10:59', '2023-12-01 09:57:40'),
(19, 'Tien trinh 1', 1, 11, 16, '2023-11-29 03:46:58', '2023-12-01 09:49:13'),
(20, 'Tien trinh 2', 1, 11, 16, '2023-11-29 03:46:58', '2023-12-01 10:20:45'),
(21, 'Tien trinh 3', 0, 11, 16, '2023-11-29 03:46:58', '2023-12-01 10:21:52'),
(22, 'Tien trinh 4', 0, 11, 16, '2023-11-29 03:46:58', '2023-12-01 10:21:51'),
(23, 'Tien trinh 1', 0, 12, 0, '2023-11-29 03:50:22', '2023-11-29 03:50:22'),
(24, 'Tien trinh 2', 0, 12, 0, '2023-11-29 03:50:22', '2023-11-29 03:50:22'),
(25, 'Tien trinh 3', 0, 12, 0, '2023-11-29 03:50:22', '2023-11-29 03:50:22'),
(26, 'Tien trinh 1', 1, 13, 16, '2023-12-01 06:29:16', '2023-12-01 10:41:16'),
(27, 'Tien trinh 2', 1, 13, 16, '2023-12-01 06:29:16', '2023-12-01 10:41:16'),
(28, 'Tien trinh 3', 0, 13, 16, '2023-12-01 06:29:16', '2023-12-01 10:41:20'),
(29, 'Tien trinh 4', 0, 13, 16, '2023-12-01 06:29:16', '2023-12-01 10:41:20'),
(30, 'Tien trinh 1', 1, 14, 16, '2023-12-01 06:34:46', '2023-12-01 10:37:26'),
(31, 'Tien trinh 3', 1, 14, 16, '2023-12-01 06:34:46', '2023-12-01 10:37:46'),
(32, 'Tien trinh 4', 0, 14, 16, '2023-12-01 06:34:46', '2023-12-01 10:39:50'),
(33, 'Tien trinh 5', 0, 14, 16, '2023-12-01 06:34:46', '2023-12-01 10:39:53'),
(34, 'Tien trinh 6', 0, 14, NULL, '2023-12-01 06:34:46', '2023-12-01 06:34:46'),
(35, 'Tien trinh 7', 0, 14, NULL, '2023-12-01 06:34:46', '2023-12-01 06:34:46'),
(36, 'Tien trinh 1', 0, 15, NULL, '2023-12-02 18:59:19', '2023-12-02 18:59:19'),
(37, 'Tien trinh 2', 0, 15, NULL, '2023-12-02 18:59:19', '2023-12-02 18:59:19'),
(38, 'Tien trinh 1', 0, 16, NULL, '2023-12-02 20:17:22', '2023-12-02 20:17:22'),
(39, 'Tien trinh 1', 1, 17, 12, '2023-12-02 20:40:40', '2023-12-02 21:30:00'),
(40, 'Tien trinh 4', 1, 17, 12, '2023-12-02 20:40:40', '2023-12-02 21:30:01'),
(41, 'Tien trinh 1', 0, 19, NULL, '2023-12-02 20:46:37', '2023-12-02 20:46:37'),
(42, 'Tien trinh 4', 0, 20, NULL, '2023-12-02 20:48:03', '2023-12-02 20:48:03'),
(43, 'Tien trinh 1', 0, 21, NULL, '2023-12-02 20:48:25', '2023-12-02 20:48:25'),
(44, 'Tien trinh 4', 0, 22, NULL, '2023-12-02 20:48:42', '2023-12-02 20:48:42'),
(45, 'Tien trinh 1', 0, 23, NULL, '2023-12-03 00:48:52', '2023-12-03 00:48:52'),
(46, 'Tien trinh 1', 0, 24, NULL, '2023-12-03 00:50:42', '2023-12-03 00:50:42'),
(47, 'Tien trinh 1', 0, 25, NULL, '2023-12-03 00:54:38', '2023-12-03 00:54:38'),
(48, 'Tien trinh 1', 0, 26, NULL, '2023-12-03 02:02:34', '2023-12-03 02:02:34'),
(49, 'Tien trinh 1', 1, 28, 12, '2024-01-08 07:36:13', '2024-01-08 08:19:59'),
(50, 'Tien trinh 1', 0, 30, NULL, '2024-01-11 08:25:25', '2024-01-11 08:25:25'),
(51, 'Tien trinh 2', 0, 32, NULL, '2024-01-13 02:17:55', '2024-01-13 02:17:55'),
(52, 'Tien trinh 3', 0, 32, NULL, '2024-01-13 02:17:55', '2024-01-13 02:17:55'),
(53, 'Tien trinh 4', 0, 32, NULL, '2024-01-13 02:17:55', '2024-01-13 02:17:55');

-- --------------------------------------------------------

--
-- Cấu trúc bảng cho bảng `time_logs`
--

CREATE TABLE `time_logs` (
  `id` bigint(20) UNSIGNED NOT NULL,
  `user_id` bigint(20) UNSIGNED NOT NULL,
  `date` date NOT NULL,
  `check_in` time DEFAULT NULL,
  `check_out` time DEFAULT NULL,
  `hours_worked` double(8,2) DEFAULT NULL,
  `created_at` timestamp NULL DEFAULT NULL,
  `updated_at` timestamp NULL DEFAULT NULL
) ENGINE=InnoDB DEFAULT CHARSET=utf8mb4 COLLATE=utf8mb4_unicode_ci;

--
-- Đang đổ dữ liệu cho bảng `time_logs`
--

INSERT INTO `time_logs` (`id`, `user_id`, `date`, `check_in`, `check_out`, `hours_worked`, `created_at`, `updated_at`) VALUES
(1, 12, '2023-12-11', '07:53:05', '10:00:00', 8.00, '2023-12-11 09:53:06', '2023-12-15 08:51:18'),
(18, 12, '2023-12-12', '07:00:00', '17:00:00', 8.00, '2023-12-12 09:22:01', '2023-12-12 09:22:07'),
(20, 12, '2023-12-01', '08:00:00', '14:30:00', 8.00, NULL, '2023-12-15 09:52:57'),
(26, 12, '2023-12-13', '07:00:00', '17:00:00', 8.00, '2023-12-12 11:09:04', '2023-12-12 11:09:10'),
(27, 12, '2023-12-14', '09:00:00', '16:16:00', 8.00, '2023-12-14 05:57:13', '2023-12-15 09:56:34'),
(28, 16, '2023-12-14', '07:00:00', '17:00:00', 8.00, '2023-12-14 09:57:50', '2023-12-14 09:57:56'),
(29, 16, '2023-12-15', '07:00:00', '17:00:00', 8.00, '2023-12-14 10:06:42', '2023-12-14 10:06:49'),
(39, 12, '2023-12-15', '14:00:00', '17:30:00', 8.00, '2023-12-15 07:55:25', '2023-12-15 07:55:38'),
(43, 12, '2023-12-04', '08:00:00', '17:00:00', 10.00, NULL, NULL),
(44, 12, '2023-12-05', '08:00:00', '17:00:00', 8.00, NULL, NULL),
(45, 12, '2023-12-06', '08:00:00', '17:00:00', 8.00, NULL, NULL),
(49, 12, '2023-12-18', '08:00:00', '17:00:00', 8.00, NULL, NULL),
(50, 12, '2023-12-19', '08:00:00', '17:00:00', 8.00, NULL, NULL),
(51, 12, '2023-12-20', '08:00:00', '17:00:00', 8.00, NULL, NULL),
(52, 12, '2023-12-21', '08:00:00', '17:00:00', 8.00, NULL, NULL),
(53, 12, '2023-12-22', '08:00:00', '17:00:00', 8.00, NULL, NULL),
(54, 12, '2023-12-25', '08:00:00', '17:00:00', 8.00, NULL, NULL),
(55, 12, '2023-12-26', '08:00:00', '17:00:00', 8.00, NULL, NULL),
(56, 12, '2023-12-27', '08:00:00', '17:00:00', 8.00, NULL, NULL),
(57, 12, '2023-12-28', '08:00:00', '17:00:00', 8.00, NULL, NULL),
(58, 12, '2023-12-29', '08:00:00', '17:00:00', 8.00, NULL, NULL),
(59, 14, '2023-12-01', '08:00:00', '17:00:00', 8.00, NULL, NULL),
(60, 14, '2023-12-04', '08:00:00', '17:00:00', 8.00, NULL, NULL),
(61, 14, '2023-12-05', '08:00:00', '17:00:00', 8.00, NULL, NULL),
(62, 14, '2023-12-06', '08:00:00', '17:00:00', 8.00, NULL, NULL),
(63, 14, '2023-12-07', '08:00:00', '17:00:00', 8.00, NULL, NULL),
(64, 14, '2023-12-08', '08:00:00', '17:00:00', 8.00, NULL, NULL),
(65, 14, '2023-12-11', '08:00:00', '17:00:00', 8.00, NULL, NULL),
(66, 14, '2023-12-12', '08:00:00', '17:00:00', 8.00, NULL, NULL),
(67, 14, '2023-12-13', '08:00:00', '17:00:00', 8.00, NULL, NULL),
(68, 14, '2023-12-14', '08:00:00', '17:00:00', 8.00, NULL, NULL),
(69, 14, '2023-12-15', '08:00:00', '17:00:00', 8.00, NULL, NULL),
(70, 14, '2023-12-18', '08:00:00', '17:00:00', 8.00, NULL, NULL),
(71, 14, '2023-12-19', '08:00:00', '17:00:00', 8.00, NULL, NULL),
(72, 14, '2023-12-20', '08:00:00', '17:00:00', 8.00, NULL, NULL),
(73, 14, '2023-12-21', '08:00:00', '17:00:00', 8.00, NULL, NULL),
(74, 14, '2023-12-22', '08:00:00', '17:00:00', 8.00, NULL, NULL),
(75, 14, '2023-12-25', '08:00:00', '17:00:00', 8.00, NULL, NULL),
(76, 14, '2023-12-26', '08:00:00', '17:00:00', 8.00, NULL, NULL),
(77, 14, '2023-12-27', '08:00:00', '17:00:00', 8.00, NULL, NULL),
(78, 14, '2023-12-28', '08:00:00', '17:00:00', 8.00, NULL, NULL),
(79, 14, '2023-12-29', '08:00:00', '17:00:00', 8.00, NULL, NULL),
(80, 15, '2023-12-01', '08:00:00', '17:00:00', 8.00, NULL, NULL),
(81, 15, '2023-12-04', '08:00:00', '17:00:00', 8.00, NULL, NULL),
(82, 15, '2023-12-05', '08:00:00', '17:00:00', 8.00, NULL, NULL),
(83, 15, '2023-12-06', '08:00:00', '17:00:00', 8.00, NULL, NULL),
(84, 15, '2023-12-07', '08:00:00', '17:00:00', 8.00, NULL, NULL),
(85, 15, '2023-12-08', '08:00:00', '17:00:00', 8.00, NULL, NULL),
(86, 15, '2023-12-11', '08:00:00', '17:00:00', 8.00, NULL, NULL),
(87, 15, '2023-12-12', '08:00:00', '17:00:00', 8.00, NULL, NULL),
(88, 15, '2023-12-13', '08:00:00', '17:00:00', 8.00, NULL, NULL),
(89, 15, '2023-12-14', '08:00:00', '17:00:00', 8.00, NULL, NULL),
(90, 15, '2023-12-15', '08:00:00', '17:00:00', 8.00, NULL, NULL),
(91, 15, '2023-12-18', '08:00:00', '17:00:00', 8.00, NULL, NULL),
(92, 15, '2023-12-19', '08:00:00', '17:00:00', 8.00, NULL, NULL),
(93, 15, '2023-12-20', '08:00:00', '17:00:00', 8.00, NULL, NULL),
(94, 15, '2023-12-21', '08:00:00', '17:00:00', 8.00, NULL, NULL),
(95, 15, '2023-12-22', '08:00:00', '17:00:00', 8.00, NULL, NULL),
(96, 15, '2023-12-25', '08:00:00', '17:00:00', 8.00, NULL, NULL),
(97, 15, '2023-12-26', '08:00:00', '17:00:00', 8.00, NULL, NULL),
(98, 15, '2023-12-27', '08:00:00', '17:00:00', 8.00, NULL, NULL),
(99, 15, '2023-12-28', '08:00:00', '17:00:00', 8.00, NULL, NULL),
(100, 15, '2023-12-29', '08:00:00', '17:00:00', 8.00, NULL, NULL),
(101, 19, '2023-12-01', '08:00:00', '17:00:00', 8.00, NULL, NULL),
(102, 19, '2023-12-04', '08:00:00', '17:00:00', 8.00, NULL, NULL),
(103, 19, '2023-12-05', '08:00:00', '17:00:00', 8.00, NULL, NULL),
(104, 19, '2023-12-06', '08:00:00', '17:00:00', 8.00, NULL, NULL),
(105, 19, '2023-12-07', '08:00:00', '17:00:00', 8.00, NULL, NULL),
(106, 19, '2023-12-08', '08:00:00', '17:00:00', 8.00, NULL, NULL),
(107, 19, '2023-12-11', '08:00:00', '17:00:00', 8.00, NULL, NULL),
(108, 19, '2023-12-12', '08:00:00', '17:00:00', 8.00, NULL, NULL),
(109, 19, '2023-12-13', '08:00:00', '17:00:00', 8.00, NULL, NULL),
(110, 19, '2023-12-14', '08:00:00', '17:00:00', 8.00, NULL, NULL),
(111, 19, '2023-12-15', '08:00:00', '17:00:00', 8.00, NULL, NULL),
(112, 19, '2023-12-18', '08:00:00', '17:00:00', 8.00, NULL, NULL),
(113, 19, '2023-12-19', '08:00:00', '17:00:00', 8.00, NULL, NULL),
(114, 19, '2023-12-20', '08:00:00', '17:00:00', 8.00, NULL, NULL),
(115, 19, '2023-12-21', '08:00:00', '17:00:00', 8.00, NULL, NULL),
(116, 19, '2023-12-22', '08:00:00', '17:00:00', 8.00, NULL, NULL),
(117, 19, '2023-12-25', '08:00:00', '17:00:00', 8.00, NULL, NULL),
(118, 19, '2023-12-26', '08:00:00', '17:00:00', 8.00, NULL, NULL),
(119, 19, '2023-12-27', '08:00:00', '17:00:00', 8.00, NULL, NULL),
(120, 19, '2023-12-28', '08:00:00', '17:00:00', 8.00, NULL, NULL),
(121, 19, '2023-12-29', '08:00:00', '17:00:00', 8.00, NULL, NULL),
(122, 11, '2023-12-01', '08:00:00', '17:00:00', 8.00, NULL, NULL),
(123, 11, '2023-12-04', '08:00:00', '17:00:00', 8.00, NULL, NULL),
(124, 11, '2023-12-05', '08:00:00', '17:00:00', 8.00, NULL, NULL),
(125, 11, '2023-12-06', '08:00:00', '17:00:00', 8.00, NULL, NULL),
(126, 11, '2023-12-07', '08:00:00', '17:00:00', 8.00, NULL, NULL),
(127, 11, '2023-12-08', '08:00:00', '17:00:00', 8.00, NULL, NULL),
(128, 11, '2023-12-11', '08:00:00', '17:00:00', 8.00, NULL, NULL),
(129, 11, '2023-12-12', '08:00:00', '17:00:00', 8.00, NULL, NULL),
(130, 11, '2023-12-13', '08:00:00', '17:00:00', 8.00, NULL, NULL),
(131, 11, '2023-12-14', '08:00:00', '17:00:00', 8.00, NULL, NULL),
(132, 11, '2023-12-15', '08:00:00', '17:00:00', 8.00, NULL, NULL),
(133, 11, '2023-12-18', '08:00:00', '17:00:00', 8.00, NULL, NULL),
(134, 11, '2023-12-19', '08:00:00', '17:00:00', 8.00, NULL, NULL),
(135, 11, '2023-12-20', '08:00:00', '17:00:00', 8.00, NULL, NULL),
(136, 11, '2023-12-21', '08:00:00', '17:00:00', 8.00, NULL, NULL),
(137, 11, '2023-12-22', '08:00:00', '17:00:00', 8.00, NULL, NULL),
(138, 11, '2023-12-25', '08:00:00', '17:00:00', 8.00, NULL, NULL),
(139, 11, '2023-12-26', '08:00:00', '15:30:00', 6.50, NULL, '2023-12-26 07:18:55'),
(140, 11, '2023-12-27', '08:00:00', '17:00:00', 8.00, NULL, NULL),
(141, 11, '2023-12-28', '08:00:00', '17:00:00', 8.00, NULL, NULL),
(142, 11, '2023-12-29', '08:00:00', '17:00:00', 8.00, NULL, NULL),
(143, 12, '2023-11-01', '08:00:00', '17:00:00', 8.00, NULL, NULL),
(144, 12, '2023-11-02', '08:00:00', '17:00:00', 8.00, NULL, NULL),
(145, 12, '2023-11-03', '08:00:00', '17:00:00', 8.00, NULL, NULL),
(146, 12, '2023-11-06', '08:00:00', '17:00:00', 8.00, NULL, NULL),
(147, 12, '2023-11-07', '08:00:00', '17:00:00', 8.00, NULL, NULL),
(148, 12, '2023-11-08', '08:00:00', '17:00:00', 8.00, NULL, NULL),
(149, 12, '2023-11-09', '08:00:00', '17:00:00', 8.00, NULL, NULL),
(150, 12, '2023-11-10', '08:00:00', '17:00:00', 8.00, NULL, NULL),
(151, 12, '2023-11-13', '08:00:00', '17:00:00', 8.00, NULL, NULL),
(152, 12, '2023-11-14', '08:00:00', '17:00:00', 8.00, NULL, NULL),
(153, 12, '2023-11-15', '08:00:00', '17:00:00', 8.00, NULL, NULL),
(154, 12, '2023-11-16', '08:00:00', '17:00:00', 8.00, NULL, NULL),
(155, 12, '2023-11-17', '08:00:00', '17:00:00', 8.00, NULL, NULL),
(156, 12, '2023-11-20', '08:00:00', '17:00:00', 8.00, NULL, NULL),
(157, 12, '2023-11-21', '08:00:00', '17:00:00', 8.00, NULL, NULL),
(158, 12, '2023-11-22', '08:00:00', '17:00:00', 8.00, NULL, NULL),
(159, 12, '2023-11-23', '08:00:00', '17:00:00', 8.00, NULL, NULL),
(160, 12, '2023-11-24', '08:00:00', '17:00:00', 8.00, NULL, NULL),
(161, 12, '2023-11-27', '08:00:00', '17:00:00', 8.00, NULL, NULL),
(162, 12, '2023-11-28', '08:00:00', '17:00:00', 8.00, NULL, NULL),
(163, 12, '2023-11-29', '08:00:00', '17:00:00', 8.00, NULL, NULL),
(164, 12, '2023-11-30', '08:00:00', '17:00:00', 8.00, NULL, NULL),
(165, 12, '2023-12-07', '08:00:00', '17:00:00', 8.00, NULL, NULL),
(166, 12, '2023-12-08', '08:00:00', '17:00:00', 8.00, NULL, NULL),
(188, 11, '2023-11-01', '08:00:00', '17:00:00', 8.00, NULL, NULL),
(189, 11, '2023-11-02', '08:00:00', '17:00:00', 8.00, NULL, NULL),
(190, 11, '2023-11-03', '08:00:00', '17:00:00', 8.00, NULL, NULL),
(191, 11, '2023-11-06', '08:00:00', '17:00:00', 8.00, NULL, NULL),
(192, 11, '2023-11-07', '08:00:00', '17:00:00', 8.00, NULL, NULL),
(193, 11, '2023-11-08', '08:00:00', '17:00:00', 8.00, NULL, NULL),
(194, 11, '2023-11-09', '08:00:00', '17:00:00', 8.00, NULL, NULL),
(195, 11, '2023-11-10', '08:00:00', '17:00:00', 8.00, NULL, NULL),
(196, 11, '2023-11-13', '08:00:00', '17:00:00', 8.00, NULL, NULL),
(197, 11, '2023-11-14', '08:00:00', '17:00:00', 8.00, NULL, NULL),
(198, 11, '2023-11-15', '08:00:00', '17:00:00', 8.00, NULL, NULL),
(199, 11, '2023-11-16', '08:00:00', '17:00:00', 8.00, NULL, NULL),
(200, 11, '2023-11-17', '08:00:00', '17:00:00', 8.00, NULL, NULL),
(201, 11, '2023-11-20', '08:00:00', '17:00:00', 8.00, NULL, NULL),
(202, 11, '2023-11-21', '08:00:00', '17:00:00', 8.00, NULL, NULL),
(203, 11, '2023-11-22', '08:00:00', '17:00:00', 8.00, NULL, NULL),
(204, 11, '2023-11-23', '08:00:00', '17:00:00', 8.00, NULL, NULL),
(205, 11, '2023-11-24', '08:00:00', '17:00:00', 8.00, NULL, NULL),
(206, 11, '2023-11-27', '08:00:00', '17:00:00', 8.00, NULL, NULL),
(207, 11, '2023-11-28', '08:00:00', '17:00:00', 8.00, NULL, NULL),
(208, 11, '2023-11-29', '08:00:00', '17:00:00', 8.00, NULL, NULL),
(209, 11, '2023-11-30', '08:00:00', '17:00:00', 8.00, NULL, NULL),
(210, 14, '2023-11-01', '08:00:00', '17:00:00', 8.00, NULL, NULL),
(211, 14, '2023-11-02', '08:00:00', '17:00:00', 8.00, NULL, NULL),
(212, 14, '2023-11-03', '08:00:00', '17:00:00', 8.00, NULL, NULL),
(213, 14, '2023-11-06', '08:00:00', '17:00:00', 8.00, NULL, NULL),
(214, 14, '2023-11-07', '08:00:00', '17:00:00', 8.00, NULL, NULL),
(215, 14, '2023-11-08', '08:00:00', '17:00:00', 8.00, NULL, NULL),
(216, 14, '2023-11-09', '08:00:00', '17:00:00', 8.00, NULL, NULL),
(217, 14, '2023-11-10', '08:00:00', '17:00:00', 8.00, NULL, NULL),
(218, 14, '2023-11-13', '08:00:00', '17:00:00', 8.00, NULL, NULL),
(219, 14, '2023-11-14', '08:00:00', '17:00:00', 8.00, NULL, NULL),
(220, 14, '2023-11-15', '08:00:00', '17:00:00', 8.00, NULL, NULL),
(221, 14, '2023-11-16', '08:00:00', '17:00:00', 8.00, NULL, NULL),
(222, 14, '2023-11-17', '08:00:00', '17:00:00', 8.00, NULL, NULL),
(224, 14, '2023-11-21', '08:00:00', '17:00:00', 8.00, NULL, NULL),
(225, 14, '2023-11-22', '08:00:00', '17:00:00', 8.00, NULL, NULL),
(226, 14, '2023-11-23', '08:00:00', '17:00:00', 8.00, NULL, NULL),
(227, 14, '2023-11-24', '08:00:00', '17:00:00', 8.00, NULL, NULL),
(228, 14, '2023-11-27', '08:00:00', '17:00:00', 8.00, NULL, NULL),
(229, 14, '2023-11-28', '08:00:00', '17:00:00', 8.00, NULL, NULL),
(230, 14, '2023-11-29', '08:00:00', '17:00:00', 8.00, NULL, NULL),
(231, 14, '2023-11-30', '08:00:00', '17:00:00', 8.00, NULL, NULL),
(232, 15, '2023-11-01', '08:00:00', '17:00:00', 8.00, NULL, NULL),
(233, 15, '2023-11-02', '08:00:00', '17:00:00', 8.00, NULL, NULL),
(234, 15, '2023-11-03', '08:00:00', '17:00:00', 8.00, NULL, NULL),
(235, 15, '2023-11-06', '08:00:00', '17:00:00', 8.00, NULL, NULL),
(236, 15, '2023-11-07', '08:00:00', '17:00:00', 8.00, NULL, NULL),
(237, 15, '2023-11-08', '08:00:00', '17:00:00', 8.00, NULL, NULL),
(238, 15, '2023-11-09', '08:00:00', '17:00:00', 8.00, NULL, NULL),
(239, 15, '2023-11-10', '08:00:00', '17:00:00', 8.00, NULL, NULL),
(240, 15, '2023-11-13', '08:00:00', '17:00:00', 8.00, NULL, NULL),
(241, 15, '2023-11-14', '08:00:00', '17:00:00', 8.00, NULL, NULL),
(242, 15, '2023-11-15', '08:00:00', '17:00:00', 8.00, NULL, NULL),
(243, 15, '2023-11-16', '08:00:00', '17:00:00', 8.00, NULL, NULL),
(244, 15, '2023-11-17', '08:00:00', '17:00:00', 8.00, NULL, NULL),
(245, 15, '2023-11-20', '08:00:00', '17:00:00', 8.00, NULL, NULL),
(246, 15, '2023-11-21', '08:00:00', '17:00:00', 8.00, NULL, NULL),
(247, 15, '2023-11-22', '08:00:00', '17:00:00', 8.00, NULL, NULL),
(248, 15, '2023-11-23', '08:00:00', '17:00:00', 8.00, NULL, NULL),
(249, 15, '2023-11-24', '08:00:00', '17:00:00', 8.00, NULL, NULL),
(250, 15, '2023-11-27', '08:00:00', '17:00:00', 8.00, NULL, NULL),
(251, 15, '2023-11-28', '08:00:00', '17:00:00', 8.00, NULL, NULL),
(252, 15, '2023-11-29', '08:00:00', '17:00:00', 8.00, NULL, NULL),
(253, 15, '2023-11-30', '08:00:00', '17:00:00', 8.00, NULL, NULL),
(254, 19, '2023-11-01', '08:00:00', '17:00:00', 8.00, NULL, NULL),
(255, 19, '2023-11-02', '08:00:00', '17:00:00', 8.00, NULL, NULL),
(256, 19, '2023-11-03', '08:00:00', '17:00:00', 8.00, NULL, NULL),
(257, 19, '2023-11-06', '08:00:00', '17:00:00', 8.00, NULL, NULL),
(258, 19, '2023-11-07', '08:00:00', '17:00:00', 8.00, NULL, NULL),
(259, 19, '2023-11-08', '08:00:00', '17:00:00', 8.00, NULL, NULL),
(260, 19, '2023-11-09', '08:00:00', '17:00:00', 8.00, NULL, NULL),
(261, 19, '2023-11-10', '08:00:00', '17:00:00', 8.00, NULL, NULL),
(262, 19, '2023-11-13', '08:00:00', '17:00:00', 8.00, NULL, NULL),
(263, 19, '2023-11-14', '08:00:00', '17:00:00', 8.00, NULL, NULL),
(264, 19, '2023-11-15', '08:00:00', '17:00:00', 8.00, NULL, NULL),
(265, 19, '2023-11-16', '08:00:00', '17:00:00', 8.00, NULL, NULL),
(266, 19, '2023-11-17', '08:00:00', '17:00:00', 8.00, NULL, NULL),
(267, 14, '2023-11-20', '08:00:00', '17:00:00', 8.00, NULL, NULL),
(268, 19, '2023-11-21', '08:00:00', '17:00:00', 8.00, NULL, NULL),
(269, 19, '2023-11-22', '08:00:00', '17:00:00', 8.00, NULL, NULL),
(270, 19, '2023-11-23', '08:00:00', '17:00:00', 8.00, NULL, NULL),
(271, 19, '2023-11-24', '08:00:00', '17:00:00', 8.00, NULL, NULL),
(272, 19, '2023-11-27', '08:00:00', '17:00:00', 8.00, NULL, NULL),
(273, 19, '2023-11-28', '08:00:00', '17:00:00', 8.00, NULL, NULL),
(274, 19, '2023-11-29', '08:00:00', '17:00:00', 8.00, NULL, NULL),
(275, 19, '2023-11-30', '08:00:00', '17:00:00', 8.00, NULL, NULL),
(276, 19, '2023-11-20', '08:00:00', '17:00:00', 8.00, NULL, NULL),
(277, 11, '2023-10-02', '08:00:00', '17:00:00', 8.00, NULL, NULL),
(278, 11, '2023-10-03', '08:00:00', '17:00:00', 8.00, NULL, NULL),
(279, 11, '2023-10-04', '08:00:00', '17:00:00', 8.00, NULL, NULL),
(280, 11, '2023-10-05', '08:00:00', '17:00:00', 8.00, NULL, NULL),
(281, 11, '2023-10-06', '08:00:00', '17:00:00', 8.00, NULL, NULL),
(282, 11, '2023-10-09', '08:00:00', '17:00:00', 8.00, NULL, NULL),
(283, 11, '2023-10-10', '08:00:00', '17:00:00', 8.00, NULL, NULL),
(284, 11, '2023-10-11', '08:00:00', '17:00:00', 8.00, NULL, NULL),
(285, 11, '2023-10-12', '08:00:00', '17:00:00', 8.00, NULL, NULL),
(286, 11, '2023-10-13', '08:00:00', '17:00:00', 8.00, NULL, NULL),
(287, 11, '2023-10-16', '08:00:00', '17:00:00', 8.00, NULL, NULL),
(288, 11, '2023-10-17', '08:00:00', '17:00:00', 8.00, NULL, NULL),
(289, 11, '2023-10-18', '08:00:00', '17:00:00', 8.00, NULL, NULL),
(290, 11, '2023-10-19', '08:00:00', '17:00:00', 8.00, NULL, NULL),
(291, 11, '2023-10-20', '08:00:00', '17:00:00', 8.00, NULL, NULL),
(293, 11, '2023-10-24', '08:00:00', '17:00:00', 8.00, NULL, NULL),
(294, 11, '2023-10-25', '08:00:00', '17:00:00', 8.00, NULL, NULL),
(295, 11, '2023-10-26', '08:00:00', '17:00:00', 8.00, NULL, NULL),
(296, 11, '2023-10-27', '08:00:00', '17:00:00', 8.00, NULL, NULL),
(297, 11, '2023-10-30', '08:00:00', '17:00:00', 8.00, NULL, NULL),
(298, 11, '2023-10-31', '08:00:00', '17:00:00', 8.00, NULL, NULL),
(299, 12, '2023-10-02', '08:00:00', '17:00:00', 8.00, NULL, NULL),
(300, 12, '2023-10-03', '08:00:00', '17:00:00', 8.00, NULL, NULL),
(301, 12, '2023-10-04', '08:00:00', '17:00:00', 8.00, NULL, NULL),
(302, 12, '2023-10-05', '08:00:00', '17:00:00', 8.00, NULL, NULL),
(303, 12, '2023-10-06', '08:00:00', '17:00:00', 10.00, NULL, NULL),
(304, 12, '2023-10-09', '08:00:00', '17:00:00', 8.00, NULL, NULL),
(305, 12, '2023-10-10', '08:00:00', '17:00:00', 8.00, NULL, NULL),
(306, 12, '2023-10-11', '08:00:00', '17:00:00', 8.00, NULL, NULL),
(307, 12, '2023-10-12', '08:00:00', '17:00:00', 8.00, NULL, NULL),
(308, 12, '2023-10-13', '08:00:00', '17:00:00', 8.00, NULL, NULL),
(309, 12, '2023-10-16', '08:00:00', '17:00:00', 8.00, NULL, NULL),
(310, 12, '2023-10-17', '08:00:00', '17:00:00', 8.00, NULL, NULL),
(311, 12, '2023-10-18', '08:00:00', '17:00:00', 8.00, NULL, NULL),
(312, 12, '2023-10-19', '08:00:00', '17:00:00', 8.00, NULL, NULL),
(313, 12, '2023-10-20', '08:00:00', '17:00:00', 8.00, NULL, NULL),
(314, 12, '2023-10-23', '08:00:00', '17:00:00', 8.00, NULL, NULL),
(315, 12, '2023-10-24', '08:00:00', '17:00:00', 8.00, NULL, NULL),
(316, 12, '2023-10-25', '08:00:00', '17:00:00', 8.00, NULL, NULL),
(317, 12, '2023-10-26', '08:00:00', '17:00:00', 8.00, NULL, NULL),
(318, 12, '2023-10-27', '08:00:00', '17:00:00', 8.00, NULL, NULL),
(319, 12, '2023-10-30', '08:00:00', '17:00:00', 8.00, NULL, NULL),
(320, 12, '2023-10-31', '08:00:00', '17:00:00', 8.00, NULL, NULL),
(321, 14, '2023-10-02', '08:00:00', '17:00:00', 8.00, NULL, NULL),
(322, 14, '2023-10-03', '08:00:00', '17:00:00', 8.00, NULL, NULL),
(323, 14, '2023-10-04', '08:00:00', '17:00:00', 8.00, NULL, NULL),
(324, 14, '2023-10-05', '08:00:00', '17:00:00', 8.00, NULL, NULL),
(325, 14, '2023-10-06', '08:00:00', '17:00:00', 8.00, NULL, NULL),
(326, 14, '2023-10-09', '08:00:00', '17:00:00', 8.00, NULL, NULL),
(327, 14, '2023-10-10', '08:00:00', '17:00:00', 8.00, NULL, NULL),
(328, 14, '2023-10-11', '08:00:00', '17:00:00', 8.00, NULL, NULL),
(329, 14, '2023-10-12', '08:00:00', '17:00:00', 8.00, NULL, NULL),
(330, 14, '2023-10-13', '08:00:00', '17:00:00', 8.00, NULL, NULL),
(331, 14, '2023-10-16', '08:00:00', '17:00:00', 8.00, NULL, NULL),
(332, 14, '2023-10-17', '08:00:00', '17:00:00', 8.00, NULL, NULL),
(333, 14, '2023-10-18', '08:00:00', '17:00:00', 8.00, NULL, NULL),
(334, 14, '2023-10-19', '08:00:00', '17:00:00', 8.00, NULL, NULL),
(335, 14, '2023-10-20', '08:00:00', '17:00:00', 8.00, NULL, NULL),
(336, 14, '2023-10-23', '08:00:00', '17:00:00', 8.00, NULL, NULL),
(337, 14, '2023-10-24', '08:00:00', '17:00:00', 8.00, NULL, NULL),
(338, 14, '2023-10-25', '08:00:00', '17:00:00', 8.00, NULL, NULL),
(339, 14, '2023-10-26', '08:00:00', '17:00:00', 8.00, NULL, NULL),
(340, 14, '2023-10-27', '08:00:00', '17:00:00', 8.00, NULL, NULL),
(341, 14, '2023-10-30', '08:00:00', '17:00:00', 8.00, NULL, NULL),
(342, 14, '2023-10-31', '08:00:00', '17:00:00', 8.00, NULL, NULL),
(343, 15, '2023-10-02', '08:00:00', '17:00:00', 8.00, NULL, NULL),
(344, 15, '2023-10-03', '08:00:00', '17:00:00', 8.00, NULL, NULL),
(345, 15, '2023-10-04', '08:00:00', '17:00:00', 8.00, NULL, NULL),
(346, 15, '2023-10-05', '08:00:00', '17:00:00', 8.00, NULL, NULL),
(347, 15, '2023-10-06', '08:00:00', '17:00:00', 8.00, NULL, NULL),
(348, 15, '2023-10-09', '08:00:00', '17:00:00', 8.00, NULL, NULL),
(349, 15, '2023-10-10', '08:00:00', '17:00:00', 8.00, NULL, NULL),
(350, 15, '2023-10-11', '08:00:00', '17:00:00', 8.00, NULL, NULL),
(351, 15, '2023-10-12', '08:00:00', '17:00:00', 8.00, NULL, NULL),
(352, 15, '2023-10-13', '08:00:00', '17:00:00', 8.00, NULL, NULL),
(353, 15, '2023-10-16', '08:00:00', '17:00:00', 8.00, NULL, NULL),
(354, 15, '2023-10-17', '08:00:00', '17:00:00', 8.00, NULL, NULL),
(355, 15, '2023-10-18', '08:00:00', '17:00:00', 8.00, NULL, NULL),
(356, 15, '2023-10-19', '08:00:00', '17:00:00', 8.00, NULL, NULL),
(357, 15, '2023-10-20', '08:00:00', '17:00:00', 8.00, NULL, NULL),
(358, 15, '2023-10-23', '08:00:00', '17:00:00', 8.00, NULL, NULL),
(359, 15, '2023-10-24', '08:00:00', '17:00:00', 8.00, NULL, NULL),
(360, 15, '2023-10-25', '08:00:00', '17:00:00', 8.00, NULL, NULL),
(361, 15, '2023-10-26', '08:00:00', '17:00:00', 8.00, NULL, NULL),
(362, 15, '2023-10-27', '08:00:00', '17:00:00', 8.00, NULL, NULL),
(363, 15, '2023-10-30', '08:00:00', '17:00:00', 8.00, NULL, NULL),
(364, 15, '2023-10-31', '08:00:00', '17:00:00', 8.00, NULL, NULL),
(365, 19, '2023-10-02', '08:00:00', '17:00:00', 8.00, NULL, NULL),
(366, 19, '2023-10-03', '08:00:00', '17:00:00', 8.00, NULL, NULL),
(367, 19, '2023-10-04', '08:00:00', '17:00:00', 8.00, NULL, NULL),
(368, 19, '2023-10-05', '08:00:00', '17:00:00', 8.00, NULL, NULL),
(369, 19, '2023-10-06', '08:00:00', '17:00:00', 8.00, NULL, NULL),
(370, 19, '2023-10-09', '08:00:00', '17:00:00', 8.00, NULL, NULL),
(371, 19, '2023-10-10', '08:00:00', '17:00:00', 8.00, NULL, NULL),
(372, 19, '2023-10-11', '08:00:00', '17:00:00', 8.00, NULL, NULL),
(373, 19, '2023-10-12', '08:00:00', '17:00:00', 8.00, NULL, NULL),
(374, 19, '2023-10-13', '08:00:00', '17:00:00', 8.00, NULL, NULL),
(375, 19, '2023-10-16', '08:00:00', '17:00:00', 8.00, NULL, NULL),
(376, 19, '2023-10-17', '08:00:00', '17:00:00', 8.00, NULL, NULL),
(377, 19, '2023-10-18', '08:00:00', '17:00:00', 8.00, NULL, NULL),
(378, 19, '2023-10-19', '08:00:00', '17:00:00', 8.00, NULL, NULL),
(379, 19, '2023-10-20', '08:00:00', '17:00:00', 8.00, NULL, NULL),
(380, 19, '2023-10-23', '08:00:00', '17:00:00', 8.00, NULL, NULL),
(381, 19, '2023-10-24', '08:00:00', '17:00:00', 8.00, NULL, NULL),
(382, 19, '2023-10-25', '08:00:00', '17:00:00', 8.00, NULL, NULL),
(383, 19, '2023-10-26', '08:00:00', '17:00:00', 8.00, NULL, NULL),
(384, 19, '2023-10-27', '08:00:00', '17:00:00', 8.00, NULL, NULL),
(385, 19, '2023-10-30', '08:00:00', '17:00:00', 8.00, NULL, NULL),
(386, 19, '2023-10-31', '08:00:00', '17:00:00', 8.00, NULL, NULL),
(408, 12, '2022-12-01', '08:00:00', '17:00:00', 8.00, NULL, NULL),
(409, 12, '2022-12-02', '08:00:00', '17:00:00', 8.00, NULL, NULL),
(410, 12, '2022-12-05', '08:00:00', '17:00:00', 8.00, NULL, NULL),
(411, 12, '2022-12-06', '08:00:00', '17:00:00', 8.00, NULL, NULL),
(412, 12, '2022-12-07', '08:00:00', '17:00:00', 8.00, NULL, NULL),
(413, 12, '2022-12-08', '08:00:00', '17:00:00', 8.00, NULL, NULL),
(414, 12, '2022-12-09', '08:00:00', '17:00:00', 8.00, NULL, NULL),
(415, 12, '2022-12-12', '08:00:00', '17:00:00', 8.00, NULL, NULL),
(416, 12, '2022-12-13', '08:00:00', '17:00:00', 8.00, NULL, NULL),
(417, 12, '2022-12-14', '08:00:00', '17:00:00', 8.00, NULL, NULL),
(418, 12, '2022-12-15', '08:00:00', '17:00:00', 8.00, NULL, NULL),
(419, 12, '2022-12-16', '08:00:00', '17:00:00', 8.00, NULL, NULL),
(420, 12, '2022-12-19', '08:00:00', '17:00:00', 8.00, NULL, NULL),
(421, 12, '2022-12-20', '08:00:00', '17:00:00', 8.00, NULL, NULL),
(422, 12, '2022-12-21', '08:00:00', '17:00:00', 8.00, NULL, NULL),
(423, 12, '2022-12-22', '08:00:00', '17:00:00', 8.00, NULL, NULL),
(424, 12, '2022-12-23', '08:00:00', '17:00:00', 8.00, NULL, NULL),
(425, 12, '2022-12-26', '08:00:00', '17:00:00', 8.00, NULL, NULL),
(426, 12, '2022-12-27', '08:00:00', '17:00:00', 8.00, NULL, NULL),
(427, 12, '2022-12-28', '08:00:00', '17:00:00', 8.00, NULL, NULL),
(428, 12, '2022-12-29', '08:00:00', '17:00:00', 8.00, NULL, NULL),
(429, 12, '2022-12-30', '08:00:00', '17:00:00', 8.00, NULL, NULL),
(430, 12, '2022-11-01', '08:00:00', '17:00:00', 8.00, NULL, NULL),
(431, 12, '2022-11-02', '08:00:00', '17:00:00', 8.00, NULL, NULL),
(432, 12, '2022-11-03', '08:00:00', '17:00:00', 8.00, NULL, NULL),
(433, 12, '2022-11-04', '08:00:00', '17:00:00', 8.00, NULL, NULL),
(434, 12, '2022-11-07', '08:00:00', '17:00:00', 8.00, NULL, NULL),
(435, 12, '2022-11-08', '08:00:00', '17:00:00', 8.00, NULL, NULL),
(436, 12, '2022-11-09', '08:00:00', '17:00:00', 8.00, NULL, NULL),
(437, 12, '2022-11-11', '08:00:00', '17:00:00', 8.00, NULL, NULL),
(438, 12, '2022-11-15', '08:00:00', '17:00:00', 8.00, NULL, NULL),
(439, 12, '2022-11-14', '08:00:00', '17:00:00', 8.00, NULL, NULL),
(440, 12, '2022-11-17', '08:00:00', '17:00:00', 8.00, NULL, NULL),
(441, 12, '2022-11-18', '08:00:00', '17:00:00', 8.00, NULL, NULL),
(442, 12, '2022-11-21', '08:00:00', '17:00:00', 8.00, NULL, NULL),
(443, 12, '2022-11-22', '08:00:00', '17:00:00', 8.00, NULL, NULL),
(444, 12, '2022-11-23', '08:00:00', '17:00:00', 8.00, NULL, NULL),
(445, 12, '2022-11-24', '08:00:00', '17:00:00', 8.00, NULL, NULL),
(446, 12, '2022-11-25', '08:00:00', '17:00:00', 8.00, NULL, NULL),
(447, 12, '2022-11-28', '08:00:00', '17:00:00', 8.00, NULL, NULL),
(448, 12, '2022-11-29', '08:00:00', '17:00:00', 8.00, NULL, NULL),
(449, 12, '2022-11-30', '08:00:00', '17:00:00', 8.00, NULL, NULL),
(450, 12, '2022-10-03', '08:00:00', '17:00:00', 8.00, NULL, NULL),
(451, 12, '2022-10-04', '08:00:00', '17:00:00', 8.00, NULL, NULL),
(452, 12, '2022-10-05', '08:00:00', '17:00:00', 8.00, NULL, NULL),
(453, 12, '2022-10-06', '08:00:00', '17:00:00', 8.00, NULL, NULL),
(454, 12, '2022-10-07', '08:00:00', '17:00:00', 8.00, NULL, NULL),
(455, 12, '2022-10-08', '08:00:00', '17:00:00', 8.00, NULL, NULL),
(456, 12, '2022-10-10', '08:00:00', '17:00:00', 8.00, NULL, NULL),
(457, 12, '2022-10-11', '08:00:00', '17:00:00', 8.00, NULL, NULL),
(458, 12, '2022-10-12', '08:00:00', '17:00:00', 8.00, NULL, NULL),
(459, 12, '2022-10-13', '08:00:00', '17:00:00', 8.00, NULL, NULL),
(460, 12, '2022-10-14', '08:00:00', '17:00:00', 8.00, NULL, NULL),
(461, 12, '2022-10-17', '08:00:00', '17:00:00', 8.00, NULL, NULL),
(462, 12, '2022-10-18', '08:00:00', '17:00:00', 8.00, NULL, NULL),
(463, 12, '2022-10-19', '08:00:00', '17:00:00', 8.00, NULL, NULL),
(464, 12, '2022-10-20', '08:00:00', '17:00:00', 8.00, NULL, NULL),
(465, 12, '2022-10-21', '08:00:00', '17:00:00', 8.00, NULL, NULL),
(466, 12, '2022-10-24', '08:00:00', '17:00:00', 8.00, NULL, NULL),
(467, 12, '2022-10-25', '08:00:00', '17:00:00', 8.00, NULL, NULL),
(468, 12, '2022-10-26', '08:00:00', '17:00:00', 8.00, NULL, NULL),
(469, 12, '2022-10-27', '08:00:00', '17:00:00', 8.00, NULL, NULL),
(470, 12, '2022-10-28', '08:00:00', '17:00:00', 8.00, NULL, NULL),
(471, 12, '2022-10-31', '08:00:00', '17:00:00', 8.00, NULL, NULL),
(474, 11, '2022-10-26', '06:00:00', '18:00:00', 10.00, '2023-12-26 07:47:25', '2023-12-26 07:47:28'),
(475, 12, '2024-01-04', '23:55:32', NULL, NULL, '2024-01-04 09:55:32', '2024-01-04 09:55:32'),
(476, 12, '2024-01-05', '00:08:20', '00:08:49', 8.00, '2024-01-04 10:08:20', '2024-01-04 10:08:49'),
(477, 12, '2024-01-11', '22:17:51', NULL, NULL, '2024-01-11 08:17:51', '2024-01-11 08:17:51'),
(478, 12, '2024-01-20', '01:05:03', '01:05:37', 0.00, '2024-01-19 11:05:03', '2024-01-19 11:05:38'),
(480, 16, '2024-01-21', '15:29:55', NULL, NULL, '2024-01-21 01:29:55', '2024-01-21 01:29:55');

-- --------------------------------------------------------

--
-- Cấu trúc bảng cho bảng `users`
--

CREATE TABLE `users` (
  `id` bigint(20) UNSIGNED NOT NULL,
  `name` varchar(255) NOT NULL,
  `username` varchar(255) DEFAULT NULL,
  `email` varchar(255) NOT NULL,
  `email_verified_at` timestamp NULL DEFAULT NULL,
  `password` varchar(255) DEFAULT NULL,
  `avatar` varchar(255) NOT NULL,
  `birthday` date DEFAULT NULL,
  `gender` tinyint(1) DEFAULT NULL,
  `phone_number` varchar(255) DEFAULT NULL,
  `address` varchar(255) DEFAULT NULL,
  `education` tinyint(1) DEFAULT NULL,
  `marital_status` tinyint(1) DEFAULT NULL,
  `on_board` date DEFAULT NULL,
  `off_board` date DEFAULT NULL,
  `status` int(11) DEFAULT NULL,
  `remember_token` varchar(100) DEFAULT NULL,
  `created_at` timestamp NULL DEFAULT NULL,
  `updated_at` timestamp NULL DEFAULT NULL,
  `position_id` bigint(20) UNSIGNED DEFAULT NULL,
  `department_id` bigint(20) UNSIGNED DEFAULT NULL,
  `role` int(11) DEFAULT NULL,
  `base_salary` float DEFAULT NULL
) ENGINE=InnoDB DEFAULT CHARSET=utf8mb4 COLLATE=utf8mb4_unicode_ci;

--
-- Đang đổ dữ liệu cho bảng `users`
--

INSERT INTO `users` (`id`, `name`, `username`, `email`, `email_verified_at`, `password`, `avatar`, `birthday`, `gender`, `phone_number`, `address`, `education`, `marital_status`, `on_board`, `off_board`, `status`, `remember_token`, `created_at`, `updated_at`, `position_id`, `department_id`, `role`, `base_salary`) VALUES
(1, 'Admin 1', 'admin1', 'phamtuanduc10102k1@gmail.com', NULL, '$2y$10$NIUS5shGPFiZJrVBnG2FL.WqKaZ9MZqlGMelAQ67JITVKkKDTrlBC', '/storage/uploads/2023/12/03/avt4.jpg', NULL, 0, NULL, NULL, 1, 1, '2023-10-22', NULL, 1, 'w4sVQYGUZGV5eWAPxnJQoncYYMOSKcv5P4e6OCsA3PZsugry3Gw53ZMZIFSI', '2023-10-22 07:44:36', '2024-01-19 09:06:31', 1, NULL, NULL, NULL),
(8, 'Nhanvien1234567', 'admin', 'admin@gmail.com', NULL, '12345678', '/storage/uploads/2024/01/17/avt-5.jpg', NULL, 0, '0987654321', NULL, NULL, NULL, '2023-10-22', NULL, 0, NULL, NULL, '2024-01-17 10:35:24', 2, 0, NULL, NULL),
(11, 'Nhan Vien', 'nhanvien2', '', NULL, '$2y$10$/WJVKdr/IHsjIk0ZgWcdQO/vKwDqeshh70T2t.RpILYjbtkELpVnS', '/storage/uploads/2023/10/26/avt3.jpg', NULL, 0, '0844101043', NULL, NULL, NULL, '2023-10-29', NULL, 1, 'TQ3FKlFgGBaWIpsebCiClI0dDxERmxnKK7BLK3FdNNFRJzBByJ23OKJIbY5a', '2023-10-26 06:24:33', '2024-01-21 02:57:43', 2, 18, 1, 7000000),
(12, 'Phạm Tuấn Đức', 'nhanvien1', 'nhanvien1@gmail.com', NULL, '$2y$10$bxSqhz3GAKb5iodxyfd3R.dSGct.HLFQSM7JhtdI9I49fhAREE4TW', '/storage/uploads/2023/10/31/avt.jpg', '2023-10-25', 1, '0844101043', 'Vinaconex 21, ngõ 804 Quang Trung, phường Phú La, hà đông Phường Phú La, Quận Hà Đông, Hà Nội', 0, 0, '2023-10-27', NULL, 1, NULL, '2023-10-26 06:26:10', '2024-01-21 02:57:43', 2, 18, 1, 8000000),
(13, 'Admin', 'admin3', 'admin3@gmail.com', NULL, '$2y$10$dNL6xVVE7llaIMTq78J.3ehruiWQM0QU/oaEfUftk08qHRVWRST1O', '/storage/uploads/2023/10/26/avt3.jpg', NULL, 0, '0844101043', NULL, NULL, NULL, '2023-10-27', NULL, 0, NULL, '2023-10-26 06:40:15', '2024-01-17 08:55:01', 2, 17, NULL, NULL),
(14, 'Nhan vien 3', 'nhanvien3', 'nhanvien3@gmail.com', NULL, '$2y$10$ET.7H/.BfnjLiLISBWQSi.n1BBX8nZhG1BiOai/WNvSarCRtoiuI6', '/storage/uploads/2023/10/26/avt.jpg', NULL, 0, '0844101043', NULL, NULL, NULL, '2023-10-27', '2023-10-27', 1, NULL, '2023-10-26 07:17:09', '2024-01-21 02:57:43', 2, 18, 1, 7000000),
(15, 'Nhan vien 4', 'nhanvien4', 'nhanvien4@gmail.com', NULL, '$2y$10$rB1cgnyjt846ywt.ii3cJ.3xebxJ9a/Y3.ZgobZJEr/gvjtBlOkLu', '/storage/uploads/2023/10/26/avt3.jpg', NULL, 0, '0844101043', NULL, NULL, NULL, '2023-10-27', NULL, 1, NULL, '2023-10-26 07:17:53', '2024-01-17 08:55:01', 2, 17, 3, 7000000),
(16, 'Leader 1', 'leader1', 'leader1@gmail.com', NULL, '$2y$10$Z7t0KxpPU9xAw9Osd.Xsv.rUb8cDb92r5.KryKq3hnSWXCngqdLbm', '/storage/uploads/2023/12/03/avt-6.jpg', NULL, 0, '0844101043', NULL, 1, 1, '2023-10-27', NULL, 1, NULL, '2023-10-27 09:12:21', '2023-12-03 01:43:15', 3, NULL, NULL, NULL),
(17, 'Giám đốc', 'ceo', 'ceo@gmail.com', NULL, '$2y$10$tIt1UIqS6ypGgN//cfdsxejb/FQvoiV0/RSsGzUNTju.u4q.OFV1m', '/storage/uploads/2024/01/07/avt4.jpg', NULL, 0, '0844101043', NULL, 1, 1, '2023-10-28', NULL, 1, NULL, '2023-10-27 09:13:07', '2024-01-07 02:44:28', 4, NULL, NULL, NULL),
(18, 'Leader 2', 'leader2', 'leader2@gmail.com', NULL, '$2y$10$yOR29HkS33WFHHpAfy8AperNe8o1J/ByjxwrrMmUC7BWM9SEliHoO', '/storage/uploads/2023/10/27/avt.jpg', NULL, 0, '0844101043', NULL, NULL, NULL, '2023-10-28', NULL, 1, NULL, '2023-10-27 09:18:32', '2023-11-02 09:08:50', 3, NULL, NULL, NULL),
(19, 'Nhan vien 5', 'nhanvien5', 'nhanvien5@gmail.com', NULL, '$2y$10$xdZH1akC95HjfoC0Ccru1ulUq4WdvN4DyqW5YnX1G6gTmU28anYuq', '/storage/uploads/2023/11/02/avt4.jpg', '2001-10-10', 1, '0844101043', NULL, 0, 1, '2023-11-03', NULL, 1, NULL, '2023-11-02 07:06:02', '2024-01-17 08:55:01', 2, 17, NULL, 7000000),
(20, 'Leader 3', 'leader3', 'leader3@gmail.com', NULL, '$2y$10$FJN4V5ss5ydopnf3i36XaegdjNzOjk9Tfc.RsT686HoUieAj.x2qy', '/storage/uploads/2023/11/17/avt4.jpg', '2023-11-18', 1, '08441010431111111111', NULL, 1, 1, '2023-11-25', '2023-11-30', 1, NULL, '2023-11-17 08:23:55', '2023-11-17 08:29:16', 3, NULL, NULL, NULL),
(21, 'Leader 4', 'leader4', 'leader4@gmail.com', NULL, '$2y$10$vYfu4kypOQRSkpvo5GO.uO597F7ssytjwtgWury8WaRZ/l8ID4F6y', '/storage/uploads/2023/12/06/avt-6.jpg', '2023-12-07', 1, '084410104333333333', NULL, 1, 1, '2023-12-06', NULL, 1, NULL, '2023-12-06 07:53:54', '2023-12-06 07:53:54', 3, NULL, NULL, NULL),
(22, 'Phạm Đức', 'nhanvien8', 'tuanduc10102001@gmail.com', NULL, '$2y$10$.upl1/d3YMB6sojwpomVv.5vnRVG4QpxzVzEAvAPJ6ZK1Ff7MD3CO', '/storage/uploads/2024/01/13/avt-6.jpg', '2024-01-12', 1, '0844101043', 'Vinaconex 21, ngõ 804 Quang Trung, phường Phú La, hà đông Phường Phú La, Quận Hà Đông, Hà Nội', 1, 1, '2024-01-13', NULL, 1, NULL, '2024-01-13 02:09:18', '2024-01-17 08:55:01', 2, 17, NULL, 7000000),
(25, 'Phạm Đức', 'nhanvien6', 'nhanvien6@gmail.com', NULL, '$2y$10$QFTpCHS5dvs48h/jku64gOlTVMSZYop7AWjtvxdr9Fer69Uj6fryq', '/storage/uploads/2024/01/14/avt-6.jpg', NULL, 1, '0844101043', 'Vinaconex 21, ngõ 804 Quang Trung, phường Phú La, hà đông Phường Phú La, Quận Hà Đông, Hà Nội', NULL, NULL, NULL, NULL, 1, NULL, '2024-01-14 01:35:09', '2024-01-21 03:06:56', 2, 3, 2, NULL),
(26, 'Phạm Đức', 'tduc123', 'tduc123@gmail.com', NULL, '$2y$10$cBtsuhPhBE.algZYeu4WKO6YBtO3eL86cRYzB.T3NqoxLWktchp7C', '/storage/uploads/2024/01/14/avt-5.jpg', NULL, NULL, '0844101043', 'Vinaconex 21, ngõ 804 Quang Trung, phường Phú La, hà đông Phường Phú La, Quận Hà Đông, Hà Nội', NULL, NULL, NULL, NULL, 1, NULL, '2024-01-14 01:52:23', '2024-01-17 09:42:30', 2, 3, NULL, NULL),
(27, 'Phạm Đức', 'nhanvien123', 'nhanvien123@gmail.com', NULL, '$2y$10$TKRHQUqSGGOx21aHNIUSJeJDy8RheE6/LHJXUPbh5vyNcbBjgbSj6', '/storage/uploads/2024/01/14/avt-6.jpg', NULL, NULL, '0844101043', 'Vinaconex 21, ngõ 804 Quang Trung, phường Phú La, hà đông Phường Phú La, Quận Hà Đông, Hà Nội', NULL, NULL, NULL, NULL, 1, NULL, '2024-01-14 01:53:28', '2024-01-17 09:42:30', 2, 3, NULL, NULL),
(30, 'Phạm Đức', 'nhanvien09090', 'nhanvien09090@gmail.com', NULL, '$2y$10$7PhcqeIQj/7.kiKJTWUzpOoHJnMQ1qjpm1rzl9sddrKY.xwuso/e2', '/storage/uploads/2024/01/17/avt-6.jpg', NULL, NULL, '0844101043', 'Vinaconex 21, ngõ 804 Quang Trung, phường Phú La, hà đông Phường Phú La, Quận Hà Đông, Hà Nội', NULL, NULL, NULL, NULL, 1, NULL, '2024-01-17 10:37:19', '2024-01-17 10:37:19', 2, NULL, NULL, NULL);

--
-- Chỉ mục cho các bảng đã đổ
--

--
-- Chỉ mục cho bảng `benefits`
--
ALTER TABLE `benefits`
  ADD PRIMARY KEY (`id`);

--
-- Chỉ mục cho bảng `departments`
--
ALTER TABLE `departments`
  ADD PRIMARY KEY (`id`);

--
-- Chỉ mục cho bảng `failed_jobs`
--
ALTER TABLE `failed_jobs`
  ADD PRIMARY KEY (`id`),
  ADD UNIQUE KEY `failed_jobs_uuid_unique` (`uuid`);

--
-- Chỉ mục cho bảng `migrations`
--
ALTER TABLE `migrations`
  ADD PRIMARY KEY (`id`);

--
-- Chỉ mục cho bảng `password_resets`
--
ALTER TABLE `password_resets`
  ADD KEY `password_resets_email_index` (`email`);

--
-- Chỉ mục cho bảng `password_reset_tokens`
--
ALTER TABLE `password_reset_tokens`
  ADD PRIMARY KEY (`email`);

--
-- Chỉ mục cho bảng `personal_access_tokens`
--
ALTER TABLE `personal_access_tokens`
  ADD PRIMARY KEY (`id`),
  ADD UNIQUE KEY `personal_access_tokens_token_unique` (`token`),
  ADD KEY `personal_access_tokens_tokenable_type_tokenable_id_index` (`tokenable_type`,`tokenable_id`);

--
-- Chỉ mục cho bảng `positions`
--
ALTER TABLE `positions`
  ADD PRIMARY KEY (`id`);

--
-- Chỉ mục cho bảng `receiver_notifications`
--
ALTER TABLE `receiver_notifications`
  ADD PRIMARY KEY (`id`);

--
-- Chỉ mục cho bảng `report_notifications`
--
ALTER TABLE `report_notifications`
  ADD PRIMARY KEY (`id`),
  ADD KEY `fk_report_notifications_task` (`task_id`);

--
-- Chỉ mục cho bảng `roles`
--
ALTER TABLE `roles`
  ADD PRIMARY KEY (`id`);

--
-- Chỉ mục cho bảng `salaries`
--
ALTER TABLE `salaries`
  ADD PRIMARY KEY (`id`);

--
-- Chỉ mục cho bảng `tasks`
--
ALTER TABLE `tasks`
  ADD PRIMARY KEY (`id`);

--
-- Chỉ mục cho bảng `task_assignees`
--
ALTER TABLE `task_assignees`
  ADD PRIMARY KEY (`id`),
  ADD KEY `fk_task_id` (`task_id`);

--
-- Chỉ mục cho bảng `task_comments`
--
ALTER TABLE `task_comments`
  ADD PRIMARY KEY (`id`);

--
-- Chỉ mục cho bảng `task_managers`
--
ALTER TABLE `task_managers`
  ADD PRIMARY KEY (`id`),
  ADD KEY `fk_task` (`task_id`),
  ADD KEY `fk_manager` (`manager_id`);

--
-- Chỉ mục cho bảng `task_processes`
--
ALTER TABLE `task_processes`
  ADD PRIMARY KEY (`id`),
  ADD KEY `fk_task_processes_id` (`task_id`);

--
-- Chỉ mục cho bảng `time_logs`
--
ALTER TABLE `time_logs`
  ADD PRIMARY KEY (`id`);

--
-- Chỉ mục cho bảng `users`
--
ALTER TABLE `users`
  ADD PRIMARY KEY (`id`),
  ADD UNIQUE KEY `users_email_unique` (`email`),
  ADD KEY `users_position_id_foreign` (`position_id`);

--
-- AUTO_INCREMENT cho các bảng đã đổ
--

--
-- AUTO_INCREMENT cho bảng `benefits`
--
ALTER TABLE `benefits`
  MODIFY `id` bigint(20) UNSIGNED NOT NULL AUTO_INCREMENT, AUTO_INCREMENT=7;

--
-- AUTO_INCREMENT cho bảng `departments`
--
ALTER TABLE `departments`
  MODIFY `id` bigint(20) UNSIGNED NOT NULL AUTO_INCREMENT, AUTO_INCREMENT=21;

--
-- AUTO_INCREMENT cho bảng `failed_jobs`
--
ALTER TABLE `failed_jobs`
  MODIFY `id` bigint(20) UNSIGNED NOT NULL AUTO_INCREMENT;

--
-- AUTO_INCREMENT cho bảng `migrations`
--
ALTER TABLE `migrations`
  MODIFY `id` int(10) UNSIGNED NOT NULL AUTO_INCREMENT, AUTO_INCREMENT=26;

--
-- AUTO_INCREMENT cho bảng `personal_access_tokens`
--
ALTER TABLE `personal_access_tokens`
  MODIFY `id` bigint(20) UNSIGNED NOT NULL AUTO_INCREMENT;

--
-- AUTO_INCREMENT cho bảng `positions`
--
ALTER TABLE `positions`
  MODIFY `id` bigint(20) UNSIGNED NOT NULL AUTO_INCREMENT, AUTO_INCREMENT=5;

--
-- AUTO_INCREMENT cho bảng `receiver_notifications`
--
ALTER TABLE `receiver_notifications`
  MODIFY `id` bigint(20) UNSIGNED NOT NULL AUTO_INCREMENT, AUTO_INCREMENT=331;

--
-- AUTO_INCREMENT cho bảng `report_notifications`
--
ALTER TABLE `report_notifications`
  MODIFY `id` bigint(20) UNSIGNED NOT NULL AUTO_INCREMENT, AUTO_INCREMENT=124;

--
-- AUTO_INCREMENT cho bảng `roles`
--
ALTER TABLE `roles`
  MODIFY `id` bigint(20) UNSIGNED NOT NULL AUTO_INCREMENT, AUTO_INCREMENT=4;

--
-- AUTO_INCREMENT cho bảng `salaries`
--
ALTER TABLE `salaries`
  MODIFY `id` bigint(20) UNSIGNED NOT NULL AUTO_INCREMENT, AUTO_INCREMENT=176;

--
-- AUTO_INCREMENT cho bảng `tasks`
--
ALTER TABLE `tasks`
  MODIFY `id` bigint(20) UNSIGNED NOT NULL AUTO_INCREMENT, AUTO_INCREMENT=36;

--
-- AUTO_INCREMENT cho bảng `task_assignees`
--
ALTER TABLE `task_assignees`
  MODIFY `id` bigint(20) UNSIGNED NOT NULL AUTO_INCREMENT, AUTO_INCREMENT=68;

--
-- AUTO_INCREMENT cho bảng `task_comments`
--
ALTER TABLE `task_comments`
  MODIFY `id` bigint(20) UNSIGNED NOT NULL AUTO_INCREMENT, AUTO_INCREMENT=30;

--
-- AUTO_INCREMENT cho bảng `task_managers`
--
ALTER TABLE `task_managers`
  MODIFY `id` bigint(20) UNSIGNED NOT NULL AUTO_INCREMENT, AUTO_INCREMENT=49;

--
-- AUTO_INCREMENT cho bảng `task_processes`
--
ALTER TABLE `task_processes`
  MODIFY `id` bigint(20) UNSIGNED NOT NULL AUTO_INCREMENT, AUTO_INCREMENT=57;

--
-- AUTO_INCREMENT cho bảng `time_logs`
--
ALTER TABLE `time_logs`
  MODIFY `id` bigint(20) UNSIGNED NOT NULL AUTO_INCREMENT, AUTO_INCREMENT=481;

--
-- AUTO_INCREMENT cho bảng `users`
--
ALTER TABLE `users`
  MODIFY `id` bigint(20) UNSIGNED NOT NULL AUTO_INCREMENT, AUTO_INCREMENT=31;

--
-- Các ràng buộc cho các bảng đã đổ
--

--
-- Các ràng buộc cho bảng `receiver_notifications`
--
ALTER TABLE `receiver_notifications`
  ADD CONSTRAINT `receiver_notifications_notification_id_foreign` FOREIGN KEY (`report_notification_id`) REFERENCES `report_notifications` (`id`) ON DELETE CASCADE,
  ADD CONSTRAINT `receiver_notifications_receiver_ids_foreign` FOREIGN KEY (`receiver_ids`) REFERENCES `users` (`id`) ON DELETE CASCADE;

--
-- Các ràng buộc cho bảng `report_notifications`
--
ALTER TABLE `report_notifications`
  ADD CONSTRAINT `fk_report_notifications_task` FOREIGN KEY (`task_id`) REFERENCES `tasks` (`id`),
  ADD CONSTRAINT `fk_report_notifications_tasks` FOREIGN KEY (`task_id`) REFERENCES `tasks` (`id`),
  ADD CONSTRAINT `report_notifications_task_id_foreign` FOREIGN KEY (`task_id`) REFERENCES `tasks` (`id`);

--
-- Các ràng buộc cho bảng `task_assignees`
--
ALTER TABLE `task_assignees`
  ADD CONSTRAINT `fk_task_id` FOREIGN KEY (`task_id`) REFERENCES `tasks` (`id`) ON DELETE CASCADE;

--
-- Các ràng buộc cho bảng `task_managers`
--
ALTER TABLE `task_managers`
  ADD CONSTRAINT `fk_manager` FOREIGN KEY (`manager_id`) REFERENCES `users` (`id`),
  ADD CONSTRAINT `fk_task` FOREIGN KEY (`task_id`) REFERENCES `tasks` (`id`) ON DELETE CASCADE;

--
-- Các ràng buộc cho bảng `task_processes`
--
ALTER TABLE `task_processes`
  ADD CONSTRAINT `fk_task_processes_id` FOREIGN KEY (`task_id`) REFERENCES `tasks` (`id`) ON DELETE CASCADE;

--
-- Các ràng buộc cho bảng `users`
--
ALTER TABLE `users`
  ADD CONSTRAINT `users_position_id_foreign` FOREIGN KEY (`position_id`) REFERENCES `positions` (`id`);
COMMIT;

/*!40101 SET CHARACTER_SET_CLIENT=@OLD_CHARACTER_SET_CLIENT */;
/*!40101 SET CHARACTER_SET_RESULTS=@OLD_CHARACTER_SET_RESULTS */;
/*!40101 SET COLLATION_CONNECTION=@OLD_COLLATION_CONNECTION */;
